Data do Envio,1.1. Nome da Escola,1.2. Endereço,1.3. Telefone de Contato,1.4. E-mail de Contato,"1.5. Caso a Escola possua perfil em redes sociais (Instagram, Facebook etc), indicar o nome e a rede social (Caso não possua perfil, responder ""Não se aplica"")",1.6. Nome da Direção,"1.7. Nome da Vice-Direção (se não houver, responder ""Não se aplica"")",1.8. A Escola pertence a qual rede pública de ensino?,1.9. Níveis de ensino (pode marcar mais de uma opção),1.10. Turno de funcionamento (pode marcar mais de uma opção),1.11. A Escola está localizada em qual município?,1.12. Porte da Escola,1.13. A Escola possui quantos alunos matriculados no momento?,1.14. Qual é a quantidade de turmas existentes na Escola?,1.15. Qual é a quantidade de salas de aula existentes na Escola?,1.16. Todas as salas de aula são utilizadas?,2.1. A Escola encontra-se em bom estado de conservação?,2.2. A Escola precisa de reforma ou manutenção?,2.3. A Escola recebeu alguma reforma/manutenção recentemente (nos últimos 4 anos)?,"2.3.1. Caso a resposta anterior seja ""Sim"", em qual ano ocorreu a reforma/manutenção? (pode marcar mais de uma opção)",2.4. A Escola tem acessibilidade?,"2.5. É realizada a manutenção pontual quando ocorre algum problema de conservação (por exemplo, elétrico ou hidráulico)?",2.6. A Escola possui climatização das salas de aula com aparelhos condicionadores de ar ou ventiladores?,"2.6.1. Caso a resposta anterior seja ""Sim"", a climatização ocorre por meio de:",2.7. Qual é o tipo de rede elétrica da Escola?,2.8. A rede elétrica da Escola permite a sua climatização e o funcionamento seguro dos equipamentos (inclusive computadores)?,2.9. A Escola tem quadra poliesportiva?,"2.9.1. Caso a resposta anterior seja ""Sim"", a quadra se encontra em bom estado de conservação ?",2.10. A Escola dispõe de material esportivo?,2.11. A Escola oferece modalidades esportivas fora do horário de aula da disciplina de Educação Física?,"2.11.1. Caso a resposta anterior seja ""Sim"", quais esportes são oferecidos? Caso a resposta anterior seja ""Não"", responder ""Não se aplica"".",2.12. A Escola realiza aulas práticas de Educação Física?,"2.12.1. Caso a resposta anterior seja ""Sim"", em qual local se realizam as aulas práticas de Educação Física? Caso a resposta anterior seja ""Não"", responder ""Não se aplica"".",2.13. A Escola possui biblioteca ou sala de leitura?,2.13.1. A biblioteca/sala de leitura é usada com frequência?,2.13.2. A biblioteca precisa de livros?,2.14. A Escola possui laboratório de informática?,"2.14.1. Caso a Escola possua laboratório de informática, quantos computadores estão funcionando?",2.14.2. Algum equipamento do laboratório de informática precisa de substituição ou manutenção?,2.14.3. O laboratório de informática é utilizado?,"2.14.4. Caso a resposta anterior seja ""Sim"", qual a finalidade de uso do laboratório de informática? (pode marcar mais de uma opção)",2.15. A Escola tem internet acessível a todos?,2.16. Recentemente a Escola teve a rede de internet alterada em razão de novo contrato firmado pela SEEC?,2.17. Qual é a qualidade da internet ofertada?,2.18. A Escola possui laboratório de ciências?,"2.18.1. Caso a resposta anterior seja ""Sim"", o laboratório de ciências está em funcionamento?",2.18.2. Os professores costumam realizar atividades com os alunos no laboratório de ciências?,2.18.3. Falta material para o laboratório de ciências?,2.19. A Escola possui refeitório?,"2.19.1. Caso a resposta anterior seja ""Sim"", há equipamentos suficientes no refeitório (mesas e cadeiras)? ","2.20. A Escola dispõe de colaboradores (merendeiro(a), cozinheiro(a), ajudante de cozinha, auxiliar etc.) suficientes para ajudar na preparação da merenda e limpeza da cozinha?",2.21. A cozinha da Escola está equipada com eletrodomésticos e utensílios suficientes?,"2.21.1. Caso a resposta anterior seja ""Não"", quais equipamentos se encontram em falta ou necessitando de manutenção/substituição? (Pode marcar mais de uma opção)","2.22. Existe algum tipo de fiscalização na cozinha, a exemplo de inspeção sanitária?",2.23. A Escola dispõe de cardápio para merenda orientado por nutricionista?,"2.23.1. Caso a resposta anterior seja ""Sim"", a merenda ofertada está de acordo com o que está previsto no cardápio?",2.24. Qual a frequência diária de oferta da merenda?,"2.25. O recurso da merenda, atualmente, é suficiente para atender a demanda dos alunos?",2.26. Existe algum tipo de controle de estoque dos alimentos/insumos destinados à merenda?,"2.26.1. Caso a resposta anterior seja ""Sim"", de que forma é realizado o controle de estoque?",2.27. A Escola tem mobília suficiente para atender sua demanda?,"2.27.1. Caso a resposta anterior seja ""Não"", quais equipamentos estão em falta? (Pode marcar mais de uma opção)","2.28. Quando os móveis e equipamentos estão quebrados, existe a substituição ou conserto?",2.29. Existem materiais inservíveis aguardando remoção na Escola?,3.1. A Escola tem problema de evasão escolar?,"3.2. Caso a resposta anterior seja ""Sim"", quais as medidas adotadas pela Escola para combater o problema?",3.3. Todas as vagas disponíveis para a matrícula de alunos se encontram preenchidas?,3.4. Existe demanda para criação de novas turmas na Escola?,3.5. Os alunos possuem fardamento escolar oferecido pela rede estadual?,3.6. Os alunos recebem livros didáticos oferecidos pelo Poder Público?,3.7. Há algum problema relacionado ao recebimento de livros didáticos?,"3.8. Os alunos recebem material escolar (cadernos, canetas, lápis, mochila, borracha, etc.) oferecido pelo Poder Público?","3.9. A Escola possui alunos com Necessidades Educacionais Específicas (NEE), ainda que sem laudo médico?","3.9.1. Caso a resposta anterior seja ""Sim"", a Escola possui quantos alunos com NEE, incluindo aqueles estudantes sem laudo médico?","3.9.2. Caso a Escola possua alunos com NEE, existem profissionais suficientes para trabalhar de forma inclusiva com tais alunos?","3.9.2.1. Caso a resposta anterior seja ""Não"", a Escola necessita de quais profissionais? (Pode marcar mais de uma opção)",3.10. A Escola faz uso de transporte escolar?,"3.10.1. Caso a resposta anterior seja ""Sim"", o número de ônibus é suficiente?","3.10.2. Caso a Escola não utilize transporte escolar, há necessidade de oferta de ônibus para transporte dos alunos?","3.10.3. Qual a quantidade de alunos que necessitam de transporte escolar regular? Caso a Escola não utilize e não necessite de transporte escolar, indicar o número 0 (zero)",3.11. A Escola possui alunos que necessitam de transporte especial?,"3.11.1. Caso a resposta anterior seja ""Sim"", quantos alunos necessitam de transporte especial?","3.11.2. Caso a Escola possua alunos que necessitam de transporte escolar especial, os referidos estudantes são atendidos por esse serviço?","3.11.3. Caso seja atendida apenas parte dos alunos que necessitam de transporte escolar especial, qual a quantidade de estudantes que não está sendo atendida por esse serviço? Caso não se aplique, indicar o número 0 (zero)","3.11.4. Na hipótese de utilização de transporte escolar (regular ou especial), o(s) veículo(s) está(ão) em bom estado de conservação?",4.1. A Escola tem carência de professores?,"4.2. Caso a resposta anterior seja ""Sim"", a necessidade é de professores efetivos ou temporários? (Pode marcar mais de uma opção)",4.3. Os docentes fazem o planejamento das aulas com auxílio de profissional para orientação pedagógica?,4.4. É realizado algum tipo de análise individualizada (avaliação) do desempenho dos professores?,4.5. Os professores recebem capacitação periódica oferecida pelo Poder Público?,5.1. A Escola possui a equipe gestora completa?,"5.2. A equipe de apoio (assistente administrativo, ASG, merendeiro(a), porteiro(a), vigia, dentre outros profissionais previstos no rol) está completa?",5.3. A Direção realizou curso de formação na área de gestão escolar?,"5.4. Além do curso de formação na área de gestão escolar, a Direção recebeu ou recebe outro tipo de capacitação oferecida pelo Poder Público?",5.5. Existe algum tipo de classificação da Escola para fins de recebimento de recursos e de gratificação pela Direção?,"5.5.1. Caso a resposta anterior seja ""Sim"", em que consiste a classificação? Caso a resposta anterior seja ""Não"", responder ""Não se aplica"".",5.6. A Direção usa regularmente o SIGEDUC?,"5.7. Os professores usam regularmente o SIGEDUC (para registro de frequência dos alunos, inclusão de planos de aula, dentre outras finalidades)?",6.1. A Escola promove reuniões com os pais/responsáveis?,"6.1.1. Caso a resposta anterior seja ""Sim"", com que frequência são promovidas as reuniões com os pais/responsáveis?","6.1.2. Caso a Escola promova reuniões com os pais/responsáveis, o comparecimento desses ocorre em número significativo?",6.2. Existe algum projeto para incentivar os encontros com os pais/responsáveis?,"6.3. A Escola costuma promover festas, atividades esportivas, apresentações, gincanas, feiras culturais, de ciências, entre outras que possam envolver a comunidade escolar?","6.3.1. Caso a resposta anterior seja ""Sim"", quais atividades são desenvolvidas? Caso a resposta anterior seja ""Não"", responder ""Não se aplica"".","7.1. Qual(is) foi(ram) a(s) nota(s) obtida(s) pela Escola na última avaliação do IDEB? Caso a Escola não possua nota, responder ""Não se aplica"".","7.2. Qual(is) foi(ram) a(s) nota(s) obtida(s) pela Escola na última avaliação do SIMAIS? Caso a Escola não possua nota, responder ""Não se aplica"".",7.3. Qual é o índice de reprovação da Escola no ano passado?,7.4. A Escola disponibiliza algum tipo de atividade de ensino a distância ou remota?,8.1. A Escola possui Conselho Escolar?,"8.1.1. Caso a resposta anterior seja ""Sim"", o Conselho Escolar está funcionando regularmente?",8.2. O Conselho Escolar está completo ou possui vacância?,8.3. A Escola possui Conselho de Classe?,"8.3.1. Caso a resposta anterior seja ""Sim"", o Conselho de Classe está funcionando regularmente?",8.3.2. O Conselho de Classe está completo ou possui vacância?,8.4. A Escola possui Grêmio estudantil?,8.5. A Direção da Escola é eleita?,9.1. A Escola possui Regimento Interno?,9.2. A Escola possui Projeto Político-Pedagógico?,"9.3. A Escola tem alguma dificuldade em expedir histórico ou registrar notas, presença ou faltas?",10.1. A Escola possui vigilante no período noturno?,10.2. A Escola possui porteiro(a)?,10.3. A Escola possui alarme e/ou câmeras instalados?,11.1. A Escola possui problema grave de indisciplina?,11.2. Os atos de indisciplina são registrados?,11.3. A Escola possui programa/projeto de orientação sobre os problemas relacionados ao uso de álcool e outras drogas?,12.1. Quais são os recursos financeiros que a Escola recebe?,12.2. Há planejamento para uso dos recursos recebidos pela Escola?,"12.3. Os recursos são recebidos corretamente, nos valores solicitados e dentro do prazo?",12.4. A Escola enfrenta dificuldade na prestação de contas dos recursos recebidos?,"12.4.1. Caso a resposta anterior seja ""Sim"", em que consistem as dificuldades? Caso a resposta anterior seja ""Não"", responder ""Não se aplica"".",12.5. Existem prestações de contas pendentes?,"12.5.1. Caso a resposta anterior seja ""Sim"", qual o ano da prestação de contas pendente e a qual recurso financeiro essa se refere? Caso a resposta anterior seja ""Não"", responder ""Não se aplica"".",12.6. Houve capacitação da equipe gestora sobre a prestação de contas?,"12.7. Caso a resposta anterior seja ""Sim"", há necessidade de nova capacitação para fins de prestação de contas?","12.8. Há suporte/orientação da DIREC, da DRAE, do FEE ou de outra unidade da SEEC na prestação de contas?",13.1. A escola possui alguma experiência inovadora?,"13.1.1. Caso a resposta anterior seja ""Sim"", descreva resumidamente tal experiência. Caso a resposta anterior seja ""Não"", responder ""Não se aplica"".",14.1. Qual é o seu objetivo como Diretor(a) da Escola?,14.2. A Direção tem algum projeto que deseja desenvolver em prol da comunidade escolar?,"14.2.1. De forma resumida, o que é preciso para o desenvolvimento do projeto desejado? Caso a resposta anterior seja ""Não"", responder ""Não se aplica""."
17/09/2025 09:13:28,EE PROF PAULO FREIRE,Rua: José Severino Marques Sn,84 991088021,jeane.1219057@educar.rn.gov.br,eeprofessorpaulofreire,Jeane Aleixo De Araújo,Auriberto Nisso De Araújo,Estadual,1º ao 3º ano do Ensino Médio,Matutino;Vespertino;Noturno,Baía Formosa,Porte III,380,11,04,"Sim, em todos os turnos de funcionamento da Escola",Sim,Sim,Não,Não se aplica porque não ocorreu reforma/manutenção,Sim,Não,Sim,Todas as salas de aula com ar condicionado,Trifásica,Sim,Não,Não se aplica porque a Escola não possui quadra poliesportiva,Não,Não,Não se aplica,Sim,Ginásio/Quadra municipal,Sim,Sim,Sim,Não,Nã li q El nã i lbói infái,Sim,"Não, porque não possui equipamentos suficientes em funcionamento",Pesquisas por parte dos alunos,Sim,Sim,Regular,Não,Não se aplica porque a Escola não possui laboratório de ciências,Não se aplica porque a Escola não possui laboratório de ciências,Sim,Sim,Não,Sim,Não,fogão,Sim,Sim,Sim,1 lanche por turno,Não,Sim,Por orientação do órgão responsável (DRAE ou Secretaria de Educação),Não,Kit Aluno;Conjunto Professor;Armários;Birôs;Cadeiras;Mesas;Mesas E Cadeiras De Refeitório;Lousa Para Sala De Aula,Sim,Sim,Sim,Busca ativa escolar,Não,Não,Não,Sim,Não,Não,Sim,03,Sim,Psicólogo,Sim,Sim,Não,58,Sim,01,Nenhum aluno nessa situação é atendido,01,Não,Sim,Efetivos,Sim,Sim,Não,Sim,Não,Sim,Não,Sim,"Porte da escola (pequeno, médio, grande porte)",Sim,Sim,Sim,Bimestral,Não,Não,Sim,Feira de ciências e palestras,Não se aplica,Não se aplica,30%,Para estudantes com licença maternidade,Sim,Sim,Possui vacância,Sim,Sim,Completo,Sim,Sim,Sim,Sim,Não,Sim,Sim,Sim,Sim,Sim,Não,"PDDE, PNAE, PAGUE ORDINÁRIO, PAGUE PREDIAL, PAGUE MAIS ALIMENTAÇÃO",Sim,Não,Não,Não se aplica,Não,Não se aplica,Sim,Não,Sim,Sim,Robótica,"Garantir um espaço de ensino aprendizado, que possa garantir subsídios para nossos estudantes garantir vagas nas universidades públicas",Sim,"Conscientização da necessidade do espaço escolar como um espaço que garante um futuro promissor, através da educação pública de qualidade"
22/09/2025 05:41:16,ESCOLA ESTADUAL DOUTOR PEDRO VELHO,"Av. Professor Genar Bezerril,554 Centro, Pedro Velho-Rn",8432472462,eedpedrovelho@gmail.com,@escola_drpv (instagram),Jean Carlos Gomes De Araujo,Jerônima Silvana Coelho Alves,Estadual,6º ao 9º ano do Ensino Fundamental;1º ao 3º ano do Ensino Médio,Matutino;Vespertino,Pedro Velho,Porte II,478,14,8,"Sim, em todos os turnos de funcionamento da Escola",Não,Sim,Sim,2025,Sim,Sim,Sim,Todas as salas de aula com ventiladores,Trifásica,Sim,Sim,Não,Sim,Sim,Futsal,Sim,Quadra/Pátio da escola,Sim,Sim,Sim,Não,Nã li q El nã i lbói infái,Não se aplica porque a Escola não possui laboratório de informática,Não se aplica porque a Escola não possui laboratório de informática,Não se aplica porque a Escola não possui laboratório de informática,Sim,Sim,Regular,Não,Não se aplica porque a Escola não possui laboratório de ciências,Não se aplica porque a Escola não possui laboratório de ciências,Não se aplica porque a Escola não possui laboratório de ciências,Sim,Não,Sim,Não,fogão;microondas;utensílios de cozinha;processador,Sim,Sim,Sim,1 lanche e 1 almoço,Não,Sim,Sistema da SEDUC / plataforma digital,Não,Conjunto Professor;Armários;Birôs;Cadeiras;Mesas E Cadeiras De Refeitório,Sim,Sim,Não,Não se aplica,Não,Sim,Não,Sim,Não,Não,Sim,28,Sim,Psicólogo;Assistente Social,Sim,Sim,Não se aplica porque a Escola já possui transporte escolar,0,Sim,4,Todos os alunos nessa situação são atendidos,0,Não,Sim,Temporários,Sim,Não,Não,Sim,Não,Sim,Sim,Sim,"Porte da escola (pequeno, médio, grande porte)",Sim,Sim,Sim,Bimestral,Sim,Sim,Sim,"Atividades esportivas, feiras culturais, exibição de curta metragem.",Não se aplica,Não se aplica,91%,Não,Sim,Sim,Completo,Sim,Sim,Completo,Não,Sim,Sim,Sim,Não,Não,Sim,Sim,Não,Sim,Não,FEDERAIS (PDDE) E ESTADUAIS (PAGUE),Sim,Não,Não,Não se aplica,Não,Não se aplica,Sim,Não,Sim,Sim,"A BANDA MARCIAL, DESENVOLVE A INICIAÇÃO MUSICAL, DISCIPLINA E O SER ARTISTICOS DOS ESTUDANTES","Garantir o funcionamento eficiente da escola, promovendo uma educação de qualidade e criando um ambiente que favoreça o aprendizado, o desenvolvimento dos alunos e a participação da comunidade escolar.",Não,Não se aplica
22/09/2025 05:55:42,ESCOLA MUNICIPAL NOSSA SENHORA DO DESTERRO,Rua Cordeiro Nº 106,84994127090,marizedantas1997@gmail.com,escola municipal nossa senhora do desterro,Maria Do Rosário De Oliveira Matos,Não Se Aplica,Municipal,1º ao 5º ano do Ensino Fundamental;6º ao 9º ano do Ensino Fundamental;EJA,Matutino;Vespertino;Noturno,Vila Flor,Porte IV,382,20,8,"Sim, apenas em parte dos turnos de funcionamento da Escola",Sim,Sim,Sim,2025;2024,Sim,Sim,Sim,Todas as salas de aula com ar condicionado,Trifásica,Sim,Sim,Não,Sim,Sim,"Vôlei, jiu-jistsu, futebol",Sim,Quadra de esporte municipal e na quadra da escola,Sim,Sim,Sim,Não,Nã li q El nã i lbói infái,Não,Não se aplica porque a Escola não possui laboratório de informática,Não se aplica porque a Escola não possui laboratório de informática,Sim,Não,Satisfatória,Não,Não se aplica porque a Escola não possui laboratório de ciências,Não se aplica porque a Escola não possui laboratório de ciências,Não se aplica porque a Escola não possui laboratório de ciências,Sim,Sim,Sim,Sim,Todos estão em perfeito estado/Não está faltando nada,Sim,Sim,Sim,1 lanche por turno,Sim,Sim,Existe local de armazenamento e registro das entradas e saídas,Não,Armários;Lousa Para Sala De Aula,Sim,Não,Sim,Busca ativa escolar,Não,Não,Sim,Sim,Não,Sim,Sim,14,Não,Professor de educação especializada,Sim,Sim,Não se aplica porque a Escola já possui transporte escolar,0,Não,23,Não se aplica porque a Escola não possui alunos que necessitam do transporte escolar especial,0,Sim,Não,Não se aplica porque não ha carência de professores na Escola,Sim,Sim,Sim,Sim,Sim,Sim,Sim,Sim,"Porte da escola (pequeno, médio, grande porte)",Não,Não,Sim,Bimestral,Sim,Sim,Sim,"Festas dos pais e das mães, pascoa, festa das crianças, jogos, gincanas, feira de ciências, projetos de leituras, café literário, folclore, etc.","Ideb 2023 anos iniciais 4,1 e anos finais zero.",Não se aplica,"Anos iniciais 13,9%, anos finais 12,3%",Não,Sim,Sim,Completo,Não,Não se aplica porque a Escola não possui Conselho de Classe,Não se aplica porque a Escola não possui Conselho de Classe,Não,Não,Sim,Sim,Sim,Sim,Sim,Não,Não,Sim,Sim,"Secretaria de Educação, PDDE.",Sim,Sim,Não,Não se aplica,Não,Não se aplica,Sim,Sim,Sim,Sim,Através da Avaliação contínua da aprendizagem (CAED) temos as provas onde aproxima a realidade dos alunos e mostra o índice da aprendizagem. Reestrutura da escola.,"Liderar e coordenar a instituição para garantir a qualidade do ensino e da aprendizagem. promovendo um ambiente escolar acolhedor, positivo e colaborativo, articulando a comunidade escolar ( pais, professores e alunos ) garantindo o bom funcionamento, a busca contínua pela melhoria e inovação da qualidade de ensino e o desenvolvimento de todos os envolvidos.",Sim,"Projeto cantinho da leitura, com o propósito de estimular o abito da leitura e promover um ambiente escolar mais acolhedor, lúdico e propício ao desenvolvimento dos alunos."
23/09/2025 03:36:35,ESCOLA MUNICIPAL DEPUTADO GRIMALDI RIBEIRO,"Avenida Professor Genar Bezerril, S/N, Centro, Pedro Velho-Rn",84994930484,kinado06@gmail.com,@grimaldi_ribeiro_oficial,José Wilson Moreira,Verônica Ferreira Da Silva Luz,Municipal,1º ao 5º ano do Ensino Fundamental;EJA,Matutino;Vespertino;Noturno,Pedro Velho,Porte IV,506,16,8,"Sim, apenas em parte dos turnos de funcionamento da Escola",Sim,Sim,Sim,2024;2023,Não,Sim,Sim,Todas as salas de aula com ar condicionado,Trifásica,Sim,Não,Não se aplica porque a Escola não possui quadra poliesportiva,Sim,Sim,"Futsal, capoeira, volei, queimada.",Sim,Na parte interna da escola e no ginásio de esportes municipal.,Sim,Sim,Sim,Não,Nã li q El nã i lbói infái,Não se aplica porque a Escola não possui laboratório de informática,Não se aplica porque a Escola não possui laboratório de informática,Não se aplica porque a Escola não possui laboratório de informática,Sim,Não,Satisfatória,Não,Não se aplica porque a Escola não possui laboratório de ciências,Não se aplica porque a Escola não possui laboratório de ciências,Não se aplica porque a Escola não possui laboratório de ciências,Sim,Sim,Sim,Sim,freezer;geladeira;fogão;armário;utensílios de cozinha,Sim,Sim,Sim,1 lanche e 1 almoço,Não,Sim,Controle semanal realizado pelo gestor escolar,Não,Armários;Lousa Para Sala De Aula,Sim,Sim,Sim,Busca ativa escolar,Não,Não,Não,Sim,Não,Não,Sim,24,Não,Professor de educação especializada;Profissional de Apoio (Cuidador),Sim,Sim,Não se aplica porque a Escola já possui transporte escolar,119,Não,0,Não se aplica porque a Escola não possui alunos que necessitam do transporte escolar especial,0,Não se aplica porque a Escola não possui alunos que necessitam do transporte escolar especial,Sim,Efetivos,Não,Sim,Sim,Sim,Sim,Sim,Sim,Sim,Processo seletivo simplicado para diretores escolares.,Não,Não,Sim,Bimestral,Sim,Sim,Sim,"Jogos, gincanas, amostra cultural.","3,9",524,119 ficaram reprovados.,Não,Sim,Sim,Completo,Não,Não se aplica porque a Escola não possui Conselho de Classe,Não se aplica porque a Escola não possui Conselho de Classe,Não,Não,Sim,Sim,Não,Sim,Sim,Sim,Não,Sim,Não,PDDE,Sim,Sim,Não,Não se aplica,Não,Não se aplica,Sim,Sim,Sim,Sim,Pró-alfa,Gerir a escola de forma compartilhada numa perspectiva de gestão democrática.,Sim,Projeto de leitura: trazer a busca pelo conhecimento e gosto pela leitura.
23/09/2025 09:59:44,ESCOLA MUNICIPAL JOÃO BATISTA DE MENDONÇA,"Rua Astrogildo Freire, S/N, Centro - Baía Formosa/Rn",(84) 99117-2065,tomeerlandia@gmail.com,escola_joaobatistamunicipalbf,Erlândia Tomé Da Silva Gonçalo,Maria Fátima Alexandre,Municipal,1º ao 5º ano do Ensino Fundamental,Matutino;Vespertino,Baía Formosa,Porte II,255,12,12,"Sim, em todos os turnos de funcionamento da Escola",Sim,Sim,Sim,2025,Sim,Sim,Sim,Todas as salas de aula com ar condicionado,Trifásica,Sim,Não,Não se aplica porque a Escola não possui quadra poliesportiva,Não,Não,Não se aplica,Sim,Quadra/Pátio da escola,Sim,Sim,Não,Sim,21 30,Não,Sim,Aulas e demais projetos pedagógicos realizados pelos professores com os alunos,Sim,Não,Satisfatória,Não,Não se aplica porque a Escola não possui laboratório de ciências,Não se aplica porque a Escola não possui laboratório de ciências,Não se aplica porque a Escola não possui laboratório de ciências,Sim,Não,Sim,Sim,freezer;fogão;utensílios de cozinha,Sim,Sim,Sim,2 lanches e 1 almoço,Não,Sim,"O controle é feito semanalmente por registros fotográficos, e diariamente, através de anotações dos insumos utilizados na preparação do cardápio.",Não,Armários;Cadeiras;Mesas;Estantes Para Livros,Sim,Sim,Sim,Busca ativa escolar,Não,Não,Sim,Sim,"Sim, a Escola recebe mais livros que a quantidade de alunos",Sim,Sim,21,Sim,Professor da Sala de Recursos Multifuncionais (SRM),Não,Não se aplica porque a Escola não utiliza transporte escolar,Não,0,Não,0,Não se aplica porque a Escola não possui alunos que necessitam do transporte escolar especial,0,Não se aplica porque a Escola não possui alunos que necessitam do transporte escolar especial,Não,Não se aplica porque não ha carência de professores na Escola,Sim,Sim,Sim,Sim,Sim,Sim,Sim,Sim,"Quantidades de alunos, número de salas de aula e turnos.",Sim,Sim,Sim,Bimestral,Não,Não,Sim,"Mostra literária, agosto cultural, arraiá unificado, dentre outras atividades esportivas.",Não se aplica,Não se aplica,0,Não,Sim,Sim,Completo,Não,Não se aplica porque a Escola não possui Conselho de Classe,Não se aplica porque a Escola não possui Conselho de Classe,Não,Não,Sim,Sim,Não,Não,Sim,Sim,Não,Sim,Não,PDDE básico e PDDE qualidade.,Sim,Sim,Não,Não se aplica,Não,Não se aplica,Sim,Sim,Sim,Sim,Projeto de intervenção - Pró-Alfa (CNCA),Elevar o índice do ensino-aprendizagem dos estudantes.,Sim,"Projeto ""dia da família na escola""."
24/09/2025 08:54:22,ESCOLA ESTADUAL PRESIDENTE TANCREDO NEVES,Rua João Felipe De Oliveira Sn,8432450039,eetancredoneves@educar.rn.gov.br,@tancredooficil9444,Emmanuel Bezerra De Santana,Talita Cristina De Brito,Estadual,6º ao 9º ano do Ensino Fundamental;1º ao 3º ano do Ensino Médio,Matutino;Vespertino,Vila Flor,Porte IV,173,8,7,Não,Sim,Sim,Não,Não se aplica porque não ocorreu reforma/manutenção,Sim,Sim,Sim,Todas as salas de aula com ar condicionado,Monofásica,Não sei informar,Não,Não se aplica porque a Escola não possui quadra poliesportiva,Sim,Não,Não se aplica,Sim,Ginásio/Quadra municipal,Sim,Não,Não,Não,Nã li q El nã i lbói infái,Não se aplica porque a Escola não possui laboratório de informática,Não se aplica porque a Escola não possui laboratório de informática,Não se aplica porque a Escola não possui laboratório de informática,Sim,Sim,Regular,Sim,Não,Não,Sim,Não,Não,Sim,Sim,Todos estão em perfeito estado/Não está faltando nada,Sim,Sim,Sim,1 lanche por turno,Não,Sim,Controle feito pelas merendeiras,Não,Armários;Mesas E Cadeiras De Refeitório;Lousa Para Sala De Aula;Produtos Tecnológicos Como Lousa Inteligente,Sim,Sim,Não,Não se aplica,Não,Não,Não,Sim,Não,Não,Sim,1,Sim,Não se aplica,Sim,Sim,Não se aplica porque a Escola já possui transporte escolar,8,Não,Nenhum,Não se aplica porque a Escola não possui alunos que necessitam do transporte escolar especial,Não se aplica,Sim,Não,Não se aplica porque não ha carência de professores na Escola,Sim,Não,Não,Sim,Não,Sim,Sim,Sim,"Porte da escola (pequeno, médio, grande porte)",Sim,Sim,Sim,Semestral,Sim,Sim,Sim,"Festa junina, dias dos pais, dia das mães, interclasse, feira de ciências, palestras, hallowen","3,1",.,não sei,Não,Sim,Sim,Completo,Sim,Sim,Completo,Não,Sim,Sim,Sim,Não,Não,Sim,Sim,Não,Sim,Não,pdde e pague,Sim,Não,Não,Não se aplica,Não,Não se aplica,Sim,Sim,Sim,Não,Não se aplica,Adquirir mais conhecimento,Sim,Recursos suficientes
24/09/2025 15:37:19,ESCOLA ESTADUAL PROFA. MARIA OCILA BEZERRIL,"Avenida Professor Genar Bezerril, 563 Pedro Velho/Rn.",(84) 3247-2462,mocilabezerril@hotmail.com,instagram: prof_mariaocila facebook: ocilabe bezerrilensino médio e ocila bezerrilerril,Jeane Carla Pinheiro,Adalberto Giliard Ferreira,Estadual,1º ao 3º ano do Ensino Médio;EJA,Noturno,Pedro Velho,Porte I,247,7,8,"Sim, apenas em parte dos turnos de funcionamento da Escola",Não,Sim,Sim,2025;2023,Sim,Sim,Sim,Parte das salas de aula com ar condicionado e outra parte com ventiladores,Trifásica,Sim,Sim,Não,Sim,Sim,"Futebol, futsal e futebol",Sim,Quadra/Pátio da escola,Sim,Não,Sim,Não,Nã li q El nã i lbói infái,Não se aplica porque a Escola não possui laboratório de informática,Não se aplica porque a Escola não possui laboratório de informática,Não se aplica porque a Escola não possui laboratório de informática,Sim,Sim,Regular,Não,Não se aplica porque a Escola não possui laboratório de ciências,Não se aplica porque a Escola não possui laboratório de ciências,Não se aplica porque a Escola não possui laboratório de ciências,Sim,Não,Não,Não,freezer;fogão;microondas;armário;utensílios de cozinha,Sim,Sim,Sim,1 lanche por turno,Sim,Sim,Verificação da qualidade e quantidade no momento do recebimento,Não,Kit Aluno;Conjunto Professor;Armários;Birôs;Mesas E Cadeiras De Refeitório,Não,Sim,Sim,Fazendo Busca Ativa Através De Ligação E Ou Visita A Família,Não,Sim,Não,Sim,"Sim, a Escola recebe livros com atraso",Não,Sim,3,Não,Psicólogo;Assistente Social,Sim,Não,Não se aplica porque a Escola já possui transporte escolar,142,Não,Nenhum,Não se aplica porque a Escola não possui alunos que necessitam do transporte escolar especial,0,Não,Sim,Efetivos,Sim,Não,Sim,Sim,Não,Não,Sim,Sim,A escola precisa obter um percentual de alunos e estar em dias com a prestação de contas para poder receber os recursos,Sim,Sim,Não,Não se aplica porque a Escola não promove reuniões com os pais/responsáveis,Não se aplica porque a Escola não promove reuniões com os pais/responsáveis,Não,Sim,"Gincanas, festas em datas comemorativas e mostra de cultura",Não se aplica,Não se aplica,8.5% de alunos reprovados,Não,Sim,Sim,Completo,Sim,Sim,Completo,Não,Sim,Sim,Sim,Não,Sim,Sim,Sim,Não,Sim,Não,"PDDE Ed. BÁSICA, PDDE QUALIDADE, PAGUE ORDINÁRIO, PAGUE PREDIAL, PAGUE MAIS ALIMENTAÇÃO, PAGUE LIVROS",Sim,Sim,Não,Não se aplica,Não,Não se aplica,Sim,Sim,Sim,Não,Não se aplica,"Desenvolver um trabalho voltado para melhoria do desempenho do aluno oferecendo um serviço de qualidade que possa preparar os alunos para a vida e para o desenvolvimento pessoal e social, ampliando as oportunidades de um futuro com êxito no seu desenvolvimento intelectual e na melhoria da qualidade de vida.e",Sim,"Preciso engajamento da equipe e comunidade escolar com o mesmo próposito, com metas definidas para obter os resultados desejados."
29/09/2025 04:57:29,ESCOLA MUNICIPAL BARTOLOMEU FAGUNDES,Rua Joao Antonio De Oliveira Fagundes,9916119746,bartolomeufagundes98@gmail.com,e.m.bartolomeu,Erinalva Cassiano De Araujo,Não Se Aplica,Municipal,1º ao 3º ano do Ensino Médio,Matutino;Vespertino,Vila Flor,Porte IV,106,06,03,"Sim, em todos os turnos de funcionamento da Escola",Sim,Não,Sim,2024,Sim,Sim,Sim,Todas as salas de aula com ar condicionado,Trifásica,Sim,Não,Não se aplica porque a Escola não possui quadra poliesportiva,Não,Não,Não se aplica,Sim,Quadra/Pátio da escola,Não,Sim,Sim,Não,Nã li q El nã i lbói infái,Não se aplica porque a Escola não possui laboratório de informática,Não se aplica porque a Escola não possui laboratório de informática,Não se aplica porque a Escola não possui laboratório de informática,Sim,Não,Regular,Não,Não se aplica porque a Escola não possui laboratório de ciências,Não se aplica porque a Escola não possui laboratório de ciências,Não se aplica porque a Escola não possui laboratório de ciências,Sim,Sim,Sim,Sim,microondas;armário,Sim,Não,Não se aplica porque a Escola não possui cardápio orientado por nutricionista,1 lanche por turno,Sim,Não,Não se aplica,Sim,Birôs;Cadeiras,Sim,Não,Não,Não se aplica,Não,Não,Sim,Não,"Sim, a Escola recebe livros com atraso",Não,Sim,13,Sim,Professor de educação especializada,Sim,Sim,Não se aplica porque a Escola já possui transporte escolar,04,Não,Não se aplica,Não se aplica porque a Escola não possui alunos que necessitam do transporte escolar especial,0,Sim,Não,Não se aplica porque não ha carência de professores na Escola,Sim,Sim,Não,Sim,Sim,Sim,Não,Não,Não se aplica,Não,Não,Sim,Bimestral,Sim,Sim,Sim,"Feiras culturais,apresentaçoes nas datas comemorativas","3,2",Não se aplica,0,Não se aplica,Não,Não se aplica porque a Escola não possui Conselho Escolar,Não se aplica porque a Escola não possui Conselho Escolar,Não,Não se aplica porque a Escola não possui Conselho de Classe,Não se aplica porque a Escola não possui Conselho de Classe,Não,Não,Sim,Sim,Não,Não,Sim,Não,Não,Não,Não,Não se aplica,Não,Não,Não,Não se aplica,Não,Não se aplica,Não,Não se aplica porque a equipe gestora não recebeu nenhuma capacitação sobre a prestação de contas,Não,Não,NAO SE AOLICA,Fazer o menhor para que aja um bom funcionamento e desempenho dos alunos e profissionais,Sim,Desenvolver encontros de familiares na escola para um bom relacionamento entre escola e familia
29/09/2025 08:32:36,ESCOLA MUNICIPAL MANOEL GERMANO DOS SANTOS,"Rua Astrogildo Freire, S/N",84 9 91243092,escolamages@yahoo.com.br,(facebook): manoel germano dos santos. (instagrama): escola_mages_bf,Sheila Duarte Da Silva Jerônimo,Zenilde Martins Do Nascimento,Municipal,6º ao 9º ano do Ensino Fundamental,Matutino;Vespertino,Baía Formosa,Porte IV,327,10,10,"Sim, em todos os turnos de funcionamento da Escola",Sim,Sim,Sim,2025,Sim,Sim,Sim,Todas as salas de aula com ar condicionado,Trifásica,Sim,Não,Não se aplica porque a Escola não possui quadra poliesportiva,Sim,Não,Não se aplica,Sim,"Quadra de esportes, ginásio de esportes, campo de futebol e praia",Não,Não se aplica porque a Escola não possui biblioteca/sala de leitura,Não se aplica porque a Escola não possui biblioteca/sala de leitura,Não,Nã li q El nã i lbói infái,Não se aplica porque a Escola não possui laboratório de informática,Não se aplica porque a Escola não possui laboratório de informática,Não se aplica porque a Escola não possui laboratório de informática,Sim,Não,Satisfatória,Não,Não se aplica porque a Escola não possui laboratório de ciências,Não se aplica porque a Escola não possui laboratório de ciências,Não se aplica porque a Escola não possui laboratório de ciências,Sim,Sim,Sim,Sim,freezer,Sim,Sim,Sim,2 lanches e 1 almoço,Não,Sim,Controle supervisionado pela Secretaria Municipal de Educação,Sim,Não se aplica,Sim,Sim,Sim,Contato Com Os Responsáveis. Visitas Domiciliares. Encaminhamento Para O Setor De Busca Ativa E Uso Da Ficai Com Encaminhamento Ao Conselho Tutelar.,Sim,Não,Não,Sim,Não,Sim,Sim,32,Não,Professor de educação especializada;Mais profissionais para acompanhar os estudantes NEE,Sim,Sim,Não se aplica porque a Escola já possui transporte escolar,0,Não,0,Não se aplica porque a Escola não possui alunos que necessitam do transporte escolar especial,0,Não se aplica porque a Escola não possui alunos que necessitam do transporte escolar especial,Não,Não se aplica porque não ha carência de professores na Escola,Sim,Sim,Sim,Sim,Sim,Sim,Sim,Sim,Quantidade de alunos,Sim,Sim,Sim,Bimestral,Sim,Sim,Sim,Feiras culturais,"4,1",Não se aplica,"18,2%",Não,Sim,Sim,Completo,Sim,Sim,Completo,Não,Não,Sim,Sim,Não,Não,Sim,Sim,Sim,Sim,Não,A escola recebe diretamente recursos anuais através do Programa Dinheiro Direto na Escola para custeio e capital de acordo com o número de alunos e recursos da Educação Conectada.,Sim,Sim,Não,Não se aplica,Sim,Não se aplica,Sim,Sim,Não,Sim,"A escola está vivendo a experiência do Regime Integral, o que em sido bem desafiador.","Buscar aproximar mais a escola da comunidade através de parcerias que visem essa aproximação. trabalhar a questão do comportamento/indisciplina dos estudantes, conscientizando-os acerca da responsabilidade de cada um na sua própria aprendizagem, no respeito ao próximo e conservação do espaço escolar e patrimônio.",Não,Não se aplica
29/09/2025 08:40:21,ESCOLA MUNICIPAL ELZA BEZERRIL RIBEIRO,Rua Olívia De Souza,84981558615,aleribeirosilva@outlook.com,@elzaemfoco,Maria Das Neves Soares Do Nascimento,Sonia Ferreira Martins,Municipal,1º ao 5º ano do Ensino Fundamental;6º ao 9º ano do Ensino Fundamental;EJA,Matutino;Vespertino;Noturno,Canguaretama,Porte III,472,22,9,"Sim, em todos os turnos de funcionamento da Escola",Não,Sim,Sim,2024,Sim,Sim,Sim,Todas as salas de aula com ar condicionado,Monofásica,Não,Sim,Sim,Sim,Sim,"Futebol masculino e feminino, karatê",Sim,Quadra/Pátio da escola,Sim,Sim,Sim,Não,Nã li q El nã i lbói infái,Não se aplica porque a Escola não possui laboratório de informática,Não se aplica porque a Escola não possui laboratório de informática,Não se aplica porque a Escola não possui laboratório de informática,Sim,Não,Satisfatória,Sim,Não,Não,Não,Sim,Sim,Sim,Sim,Todos estão em perfeito estado/Não está faltando nada,Sim,Sim,Sim,1 lanche por turno,Sim,Sim,Controle supervisionado pela Secretaria Municipal de Educação,Sim,Não se aplica,Sim,Sim,Sim,Ações Do Busca Ativa Escolar E Personalização Do Currículo,Não,Sim,Sim,Sim,Não,Não,Sim,32,Sim,os profissionais são suficientes,Sim,Sim,Não se aplica porque a Escola já possui transporte escolar,40,Sim,4,Todos os alunos nessa situação são atendidos,0,Sim,Sim,Efetivos,Sim,Não,Não,Sim,Sim,Sim,Não,Sim,Quantidade de alunos,Sim,Sim,Sim,Bimestral,Não,Sim,Sim,"Gincanas, arraia, mostra de ciências, arte e cultura","Anos iniciais 4,2 e anos finais 3,7",Não se aplica,9%,Não,Sim,Sim,Completo,Sim,Sim,Completo,Sim,Sim,Sim,Sim,Não,Sim,Sim,Sim,Sim,Sim,Sim,"Recursos advindos dos pogramas federais, PDDE e outros.",Sim,Sim,Não,Não se aplica,Não,Não se aplica,Sim,Sim,Sim,Sim,"O Atendimento Educacional Especializado, Construção e adaptação curricular, Robótica Educacional e combate a desigualdade de aprendizagem.",Colaborar no desenvolvimento escolar de modo a cumprir a missão da escola como agente de transformação social e acadêmica.,Não,Não se aplica
01/10/2025 11:10:00,ESCOLA MUNICIPAL DE 1º GRAU DR. JOSÉ TARGINO,Rua Genar Bezerril - Nº 484 - Centro - Pedro Velho/Rn,(84) 9 8144-3231,jtarginopv@gmail.com,@jtarginopv1 - instagram,Mariana Dino Do Nascimento,Raquel Silva Marinho Pereira,Municipal,6º ao 9º ano do Ensino Fundamental,Matutino;Vespertino;Noturno,Pedro Velho,Porte V,706,20,9,"Sim, apenas em parte dos turnos de funcionamento da Escola",Sim,Sim,Sim,2024,Sim,Sim,Sim,Todas as salas de aula com ar condicionado,Trifásica,Sim,Não,Não se aplica porque a Escola não possui quadra poliesportiva,Sim,Sim,"Futsal, futvôlei, handbol, basquete e futebol e futebol de areia",Sim,"No pátio da escola, nos espaços cedidos pela prefeitura (ginásio brasileirão, campo de areia e campo de futebol da cidade)",Sim,Sim,Sim,Não,Nã li q El nã i lbói infái,Não se aplica porque a Escola não possui laboratório de informática,Não se aplica porque a Escola não possui laboratório de informática,Não se aplica porque a Escola não possui laboratório de informática,Sim,Não,Regular,Não,Não se aplica porque a Escola não possui laboratório de ciências,Não se aplica porque a Escola não possui laboratório de ciências,Não se aplica porque a Escola não possui laboratório de ciências,Não,Não se aplica porque a Escola não possui refeitório,Sim,Sim,Processador/Multiprocessador,Sim,Sim,Sim,Mais de 3 refeições,Sim,Sim,Controle realizado em planilhas (entrada e saída de produtos),Sim,Mesas E Cadeiras De Refeitório,Sim,Não,Sim,Busca Ativa E Encaminhamento Ao Conselho Tutelar.,Não,Sim,Sim,Sim,Não,Não,Sim,32,Não,Professor de educação especializada;Professor da Sala de Recursos Multifuncionais (SRM);Profissional de Apoio (Cuidador);Psicólogo;Assistente Social,Sim,Sim,Não se aplica porque a Escola já possui transporte escolar,188,Sim,2,Todos os alunos nessa situação são atendidos,0,Não,Sim,Efetivos;Temporários,Sim,Sim,Sim,Sim,Sim,Sim,Sim,Sim,Quantidade de alunos,Sim,Sim,Sim,Bimestral,Sim,Sim,Sim,"Gincana estudantil, feira de ciências, festa junina, trilhas ecológicas, aulas de campo e interclasses.",Não se aplica,Não se aplica,"26,3%",Não,Sim,Sim,Completo,Sim,Sim,Completo,Não,Não,Sim,Sim,Não,Sim,Sim,Não,Sim,Sim,Não,PDDE,Sim,Sim,Não,Não se aplica,Não,Não se aplica,Sim,Sim,Sim,Não,Não se aplica,"Busca melhorias para a comunidade escolar, proporcionando uma educação de qualidade e emancipadora",Sim,Recursos financeiros e humano; formações continuadas e ampliação de espaços para realização dos projetos.
02/10/2025 04:06:34,ESCOLA MUNICIPAL DE ENSINO FUNDAMENTAL SÃO SEBASTIÃO,"Rua São Sebastiã, 173 - Cuité/Pedro Velho/Rn",(84)981167414,escolamcbranco@gmail.com,escolam.saosebastiao,Alciene Félix Da Silva,Não Se Aplica,Municipal,1º ao 5º ano do Ensino Fundamental;6º ao 9º ano do Ensino Fundamental;EJA,Matutino;Vespertino;Noturno,Pedro Velho,Porte III,320,15,7,Não,Sim,Sim,Sim,2025;2024,Sim,Sim,Sim,Todas as salas de aula com ventiladores,Monofásica,Não,Não,Não se aplica porque a Escola não possui quadra poliesportiva,Sim,Não,Não se aplica,Sim,Locais emprestados,Não,Não se aplica porque a Escola não possui biblioteca/sala de leitura,Sim,Não,Nã li q El nã i lbói infái,Não se aplica porque a Escola não possui laboratório de informática,Não se aplica porque a Escola não possui laboratório de informática,Não se aplica porque a Escola não possui laboratório de informática,Sim,Não,Regular,Não,Não se aplica porque a Escola não possui laboratório de ciências,Não se aplica porque a Escola não possui laboratório de ciências,Sim,Não,Não se aplica porque a Escola não possui refeitório,Sim,Sim,"freezer;geladeira;fogão;armário;utensílios de cozinha;torradeira, liquidificador",Sim,Sim,Não,1 lanche por turno,Não,Sim,Controle feito manualmente em caderno ou ficha de controle,Não,Armários;Birôs;Mesas,Não,Sim,Não,Não se aplica,Sim,Não,Não,Sim,"Sim, a Escola recebe livros com atraso",Não,Sim,15,Não,Professor de educação especializada;Professor da Sala de Recursos Multifuncionais (SRM);Profissional de Apoio (Cuidador);Psicólogo;Assistente Social;,Sim,Sim,Não,120,Sim,4,Todos os alunos nessa situação são atendidos,0,Não,Sim,Efetivos,Sim,Não,Não,Não,Sim,Sim,Não,Não,Não se aplica,Não,Não,Sim,Bimestral,Sim,Sim,Sim,"Semana de cultura, datas comemorativas, jogos internos, jogos externos, gincanas",Não se aplica,Não se aplica,"6,58%",Não,Sim,Sim,Completo,Não,Não se aplica porque a Escola não possui Conselho de Classe,Não se aplica porque a Escola não possui Conselho de Classe,Não,Não,Sim,Sim,Não,Não,Sim,Não,Não,Sim,Não,PDDE,Sim,Sim,Não,Não se aplica,Não,Não se aplica,Não,Não se aplica porque a equipe gestora não recebeu nenhuma capacitação sobre a prestação de contas,Sim,Não,Não se aplica,"Gerir da melhor forma possível, visando o bem estar de todos e uma aprendizagem significativa",Sim,Recursos humanos e materiais
09/10/2025 04:49:41,ESCOLA MUNICIPAL JUAREZ RABELO,"Rua Marecha Deodoro, Nº Sn",84 994614613,betobarbalhocantor@gmail.com,emjuarezrabelo (instagran) e.m.juarez rabelo,Eriberto Da Silva Bezerra,Nelcylene Pontes De Moura,Municipal,1º ao 5º ano do Ensino Fundamental;6º ao 9º ano do Ensino Fundamental,Matutino;Vespertino,Canguaretama,Porte IV,1120,35,13 (sede) 06(anexo),"Sim, em todos os turnos de funcionamento da Escola",Não,Sim,Sim,2025;2023,Sim,Sim,Sim,Todas as salas de aula com ar condicionado,Trifásica,Sim,Não,Não se aplica porque a Escola não possui quadra poliesportiva,Sim,Não,Não se aplica,Sim,Ginásio/Quadra municipal,Sim,Sim,Sim,Não,Nã li q El nã i lbói infái,Não se aplica porque a Escola não possui laboratório de informática,Não se aplica porque a Escola não possui laboratório de informática,Não se aplica porque a Escola não possui laboratório de informática,Não,Não,Regular,Sim,Não,Não,Sim,Não,Não se aplica porque a Escola não possui refeitório,Sim,Não,armário;utensílios de cozinha,Sim,Sim,Sim,1 lanche por turno,Sim,Sim,Recebi-se semanamente e é armazenodo na escola,Não,Armários;Birôs;Cadeiras;Mesas,Sim,Sim,Sim,"Entramos Em Contato Com As Famílias, Quando Não Coseguimos Encaminhamos Para O Busca Ativa.",Não,Não,Não,Sim,"Sim, a Escola recebe menos livros que a quantidade de alunos",Não,Sim,68,Sim,Psicólogo,Sim,Sim,Não se aplica porque a Escola já possui transporte escolar,850,Sim,2 alunos,Todos os alunos nessa situação são atendidos,Não se aplica,Sim,Não,Não se aplica porque não ha carência de professores na Escola,Não,Não,Sim,Sim,Sim,Sim,Sim,Sim,Quantidade de alunos,Sim,Sim,Sim,Semestral,Sim,Sim,Sim,"Interclasse, gincana, feira de ciência","Ano iniciais 4,5 anos finais 3,5 (ultima avaliação)","Sala avaliador os alunos do 2º ano:60% estão em em nivel básico e, apenas 5% estão em nível avançado.","24,91%",Não,Sim,Sim,Completo,Sim,Sim,Completo,Não,Sim,Sim,Sim,Não,Sim,Sim,Sim,Sim,Sim,Não,"PDDE BÁSICO, EDUCAÇÃO CONECTADA, ESCOLA DA ADOLESCENCIA.",Sim,Sim,Não,Não se aplica,Não,Não se aplica,Sim,Sim,Sim,Sim,"Foi implantado o projeto Andromida pela secretaria de educação, com aulas extras de música, dança e robótica.","Buscar uma educação de qualidade para nossos discentes, possibilitando um bom trabalho de equipe em prol de um melhor resultado.",Sim,Alguns ajustes finas e o recebimento do recurso escola da adolescencia para aquisição de materiais.
10/10/2025 09:39:21,CENTRO EDUCACIONAL RURAL ROBERTO MAGALHÃES DE MELO,Avenida Gilberto Rodrigues S/N,84996222350,magalhaesroberto780@gmail.com,robertomagalhaes,Joao Alves Galvão Neto,Joelma Freire De Andrade,Municipal,1º ao 5º ano do Ensino Fundamental;6º ao 9º ano do Ensino Fundamental,Matutino;Vespertino,Canguaretama,Porte IV,415,22,11,"Sim, em todos os turnos de funcionamento da Escola",Sim,Sim,Sim,2023,Não,Sim,Sim,Todas as salas de aula com ar condicionado,Trifásica,Sim,Não,Não se aplica porque a Escola não possui quadra poliesportiva,Sim,Sim,Futebol e volei,Sim,Ginásio/Quadra municipal,Sim,Sim,Sim,Não,Nã li q El nã i lbói infái,Não se aplica porque a Escola não possui laboratório de informática,Não se aplica porque a Escola não possui laboratório de informática,Não se aplica porque a Escola não possui laboratório de informática,Sim,Não,Regular,Sim,Não,Sim,Sim,Sim,Sim,Sim,Sim,microondas;armário,Sim,Sim,Sim,1 lanche por turno,Sim,Sim,Controle realizado em planilhas (entrada e saída de produtos),Sim,Armários;Mesas,Sim,Sim,Não,"Reuniao Com A Famila, Busca Ativa Desntre Outros.",Sim,Sim,Sim,Sim,Não,Não,Sim,32,Sim,Psicólogo,Sim,Sim,Não se aplica porque a Escola já possui transporte escolar,150,Sim,25,Todos os alunos nessa situação são atendidos,0,Não,Não,Não se aplica porque não ha carência de professores na Escola,Sim,Sim,Sim,Sim,Sim,Sim,Não,Sim,"Porte da escola (pequeno, médio, grande porte)",Sim,Sim,Sim,Semanal,Sim,Sim,Sim,"Dia da familia na escola, gincana, feira de ciencia, são joao dentre outras atividades",4.6,6.0,"0,5%",Nao,Sim,Sim,Completo,Não,Não se aplica porque a Escola não possui Conselho de Classe,Não se aplica porque a Escola não possui Conselho de Classe,Não,Sim,Sim,Sim,Não,Sim,Sim,Não,Sim,Sim,Não,"PDDE BASICO E INTERATIVO, INTERNET CONECTADA, FAMILIA NA ESCOLA",Sim,Sim,Não,Não se aplica,Não,Não se aplica,Sim,Sim,Sim,Não,Não se aplica,"Garantir que o ensino siga o curriculo e as metas educacionais, apoiar e orientar os professore para melhorarem suas praticas pedagogicas e incetivar ptojetor que melhorem o aprendizagem do aluno.",Sim,"Projeto de melhoria da educação por meio da gestao escolar eficiente, ja que o gestor e responsavel por articular os diferentes setores da escola: pedagogico, administrativo e comunitario."
13/10/2025 02:40:29,ESCOLA MUNICIPAL JOÃO ANACLETO FILHO,Largo Acelino Gomes Da Cruz,84-32442140,escolajafbfsecretaria@gmail.com,escolajafbf,Adriana Câmara De Brito,Claudianeide Do Nascimento Guerra,Municipal,1º ao 5º ano do Ensino Fundamental,Matutino;Vespertino,Baía Formosa,Porte II,248,10,7,"Sim, em todos os turnos de funcionamento da Escola",Sim,Não,Sim,2025,Sim,Sim,Sim,Todas as salas de aula com ar condicionado,Trifásica,Sim,Não,Não se aplica porque a Escola não possui quadra poliesportiva,Sim,Sim,"Futebol, voleibol, surf.",Sim,Pátio da escola e espaço da praça de eventos.,Não,Não se aplica porque a Escola não possui biblioteca/sala de leitura,Sim,Sim,21 30,Não se aplica porque a Escola não possui laboratório de informática,Sim,Aulas e demais projetos pedagógicos realizados pelos professores com os alunos,Sim,Não,Satisfatória,Não,Não se aplica porque a Escola não possui laboratório de ciências,Não se aplica porque a Escola não possui laboratório de ciências,Sim,Sim,Sim,Sim,Sim,fogão,Sim,Sim,Sim,2 lanches e 1 almoço,Sim,Sim,Sim. o registro é realizado diarimente no diário de alimentação escolar.,Sim,Lousa Para Sala De Aula,Sim,Não,Sim,"A Escola Realiza A Busca Ativa Do Aluno, Não Tendo Retorno A Escola, Aciona O Conselho Tutelar E A Rede De Proteção.",Não,Não,Não,Sim,Não,Sim,Sim,35,Sim,A escola já possui acompanhante para os alunos NEE com laudo.,Sim,Sim,Sim,3,Não,0,Não se aplica porque a Escola não possui alunos que necessitam do transporte escolar especial,0,Sim,Não,Não se aplica porque não ha carência de professores na Escola,Sim,Sim,Sim,Sim,Sim,Sim,Sim,Sim,Quantidade de alunos,Sim,Sim,Sim,Bimestral,Sim,Não,Sim,Apresentações culturais e sarau poétio.,4.8,Não se aplica,"4,7%",Sim,Sim,Sim,Completo,Sim,Sim,Completo,Não,Sim,Sim,Sim,Não,Não,Sim,Sim,Não,Sim,Não,"PDDE básico, PDDE qualidade.",Sim,Sim,Não,Não se aplica,Sim,"2024, pdde básico e qualidade",Sim,Não,Sim,Sim,"O SARAU POÉTICO é um projeto de literatura voltado para o desenvolvimento de habilidades de apreciação, leitura e escrita literária, como também conhecimento de obras e autores da literatura mundial, brasileira e local.","Conduzir a administração da instituição de ensino de maneira democrática, englobando as esferas pedagógica, administrativa e financeira, visando assegurar a qualidade do ensino, o adequado funcionamento da escola e a promoção de um ambiente educativo que seja seguro, colaborativo e inclusivo para todos os estudantes, visando a equidadde.",Não,Não se aplica
14/10/2025 05:48:08,ESCOLA ESTADUAL MATIAS MACIEL,"Rua José Benedito Ferreira, S/N, Barra Do Cunhaú, Canguaretama/Rn.",84 3241-4303,eematiasmaciel@educar.rn.gov.br,eematiasmaciel,Solaneide Da Silva Andrade,Não Se Aplica,Estadual,6º ao 9º ano do Ensino Fundamental;1º ao 3º ano do Ensino Médio;EJA,Matutino;Vespertino;Noturno,Canguaretama,Porte V,95,5,3,"Sim, apenas em parte dos turnos de funcionamento da Escola",Sim,Sim,Sim,2023,Não,Sim,Sim,Todas as salas de aula com ventiladores,Monofásica,Sim,Não,Não se aplica porque a Escola não possui quadra poliesportiva,Não,Não,Não se aplica,Sim,"Espaços cedidos (campo de areia, campo de futebol, entre outros)",Não,Não se aplica porque a Escola não possui biblioteca/sala de leitura,Não se aplica porque a Escola não possui biblioteca/sala de leitura,Não,Nã li q El nã i lbói infái,Não se aplica porque a Escola não possui laboratório de informática,Não se aplica porque a Escola não possui laboratório de informática,Não se aplica porque a Escola não possui laboratório de informática,Sim,Sim,Satisfatória,Não,Não se aplica porque a Escola não possui laboratório de ciências,Não se aplica porque a Escola não possui laboratório de ciências,Não se aplica porque a Escola não possui laboratório de ciências,Sim,Não,Sim,Sim,Todos estão em perfeito estado/Não está faltando nada,Sim,Sim,Sim,1 lanche por turno,Não,Não,Não se aplica,Não,Mesas E Cadeiras De Refeitório,Sim,Não,Sim,Contato com pais ou responsáveis,Não,Não,Não,Sim,"Sim, a Escola recebe menos livros que a quantidade de alunos",Não,Sim,6,Sim,Não se aplica,Sim,Sim,Não se aplica porque a Escola já possui transporte escolar,1,Sim,5,Todos os alunos nessa situação são atendidos,0,Sim,Sim,Efetivos,Sim,Não,Sim,Não,Não,Sim,Sim,Não,Não se aplica,Sim,Sim,Sim,Bimestral,Não,Sim,Não,Não se aplica,2023 anos finais: ideb 4.3,Simais formativa 2024 (3ª série do ens. médio) - língua portuguesa: 242 pontos e matemática: 246 pontos.,0%,Não,Sim,Sim,Completo,Sim,Sim,Completo,Não,Sim,Sim,Sim,Não,Não,Sim,Não,Não,Sim,Não,"PDDE, PAGUE e PNAE.",Sim,Sim,Não,Não se aplica,Não,Não se aplica,Sim,Não,Sim,Não,Não se aplica,Melhorar os índices de aprendizagem e aplicar o recursos adequadamente seguindo os princípios da gestão democrática.,Não,Não se aplica
17/10/2025 05:28:55,ESCOLA ESTADUAL EM TEMPO INTEGRAL FELIPE FERREIRA,"Rua Osório Chaves, Sn - Piquiri - Canguaretama/Rn",8432417090,eefelipeferreira@educar.rn.gov.br,@eefelipeferreira,Flavia Lino Duarte,Maria Gilza Ribeiro Da Cruz Lima,Estadual,1º ao 3º ano do Ensino Médio,Matutino;Vespertino;Noturno,Canguaretama,Porte II,211,6,4,"Sim, apenas em parte dos turnos de funcionamento da Escola",Não,Sim,Não,Não se aplica porque não ocorreu reforma/manutenção,Não,Não,Sim,Todas as salas de aula com ar condicionado,Trifásica,Não,Não,Não se aplica porque a Escola não possui quadra poliesportiva,Sim,Não,Não se aplica,Sim,Quadra/Pátio da escola,Não,Não se aplica porque a Escola não possui biblioteca/sala de leitura,Não se aplica porque a Escola não possui biblioteca/sala de leitura,Não,Nã li q El nã i lbói infái,Não se aplica porque a Escola não possui laboratório de informática,Não se aplica porque a Escola não possui laboratório de informática,Não se aplica porque a Escola não possui laboratório de informática,Sim,Sim,Regular,Não,Não se aplica porque a Escola não possui laboratório de ciências,Não se aplica porque a Escola não possui laboratório de ciências,Não se aplica porque a Escola não possui laboratório de ciências,Não,Não se aplica porque a Escola não possui refeitório,Sim,Não,utensílios de cozinha;liquidificador industrial,Não,Sim,Sim,Mais de 3 refeições,Não,Sim,Controle realizado por cardápio e valores de insumos utilizados,Não,Kit Aluno;Conjunto Professor;Armários;Birôs;Lousa Para Sala De Aula,Não,Não,Não,Não se aplica,Não,Sim,Não,Sim,"Sim, a Escola recebe menos livros que a quantidade de alunos",Não,Sim,5,Não,Profissional de Apoio (Cuidador);Psicólogo,Sim,Sim,Não se aplica porque a Escola já possui transporte escolar,13,Não,Não se aplica,Não se aplica porque a Escola não possui alunos que necessitam do transporte escolar especial,Zero,Sim,Sim,Efetivos;Temporários,Sim,Sim,Sim,Sim,Não,Sim,Sim,Não,Não se aplica,Sim,Sim,Sim,Bimestral,Sim,Sim,Sim,"Festa junina, formatura e jogos escolares internos","3,8",250,5%,Não,Sim,Sim,Completo,Sim,Sim,Completo,Não,Sim,Sim,Não,Não,Não,Sim,Não,Não,Sim,Não,"PNAE, PAGUE E PDDE",Sim,Não,Não,Não se aplica,Não,Não se aplica,Sim,Não,Sim,Não,Não se aplica,"Realizar uma gestão comprometida na evolução profissional dos estudantes, fazendo o trabalho coletivamente com os demais membros da equipe gestora, com os professores (principalmente) e com o suporte da direc e da seec/rn.",Não,Não se aplica
22/10/2025 04:59:18,ESCOLA MUNICIPAL DR. MANOEL F. DE MELO,Rua Principal S/N Sagi,084 991949910,martasueli.2015@hotmail.com,"sim, doutor manoel francisco de melo",Marta Sueli Tomé Da Silva Costa,Não,Municipal,1º ao 5º ano do Ensino Fundamental,Matutino,Baía Formosa,Porte V,63,5,5,"Sim, em todos os turnos de funcionamento da Escola",Sim,Não,Sim,2024;2023,Sim,Sim,Sim,Todas as salas de aula com ar condicionado,Trifásica,Sim,Não,Não se aplica porque a Escola não possui quadra poliesportiva,Sim,Não,Não se aplica,Sim,Quadra/Pátio da escola,Não,Não se aplica porque a Escola não possui biblioteca/sala de leitura,Não se aplica porque a Escola não possui biblioteca/sala de leitura,Não,Nã li q El nã i lbói infái,Não se aplica porque a Escola não possui laboratório de informática,Não se aplica porque a Escola não possui laboratório de informática,Não se aplica porque a Escola não possui laboratório de informática,Sim,Sim,Satisfatória,Não,Não se aplica porque a Escola não possui laboratório de ciências,Não se aplica porque a Escola não possui laboratório de ciências,Não se aplica porque a Escola não possui laboratório de ciências,Sim,Sim,Sim,Sim,utensílios de cozinha,Sim,Sim,Sim,2 lanches e 1 almoço,Sim,Sim,Semanalmente,Não,Mesas,Sim,Sim,Não,Uso Da Ficai,Não,Não,Sim,Sim,"Sim, a Escola recebe menos livros que a quantidade de alunos",Sim,Sim,4,Sim,Quadro profissional completo,Não,Não se aplica porque a Escola não utiliza transporte escolar,Não,0,Não,0,Não se aplica porque a Escola não possui alunos que necessitam do transporte escolar especial,0,Não se aplica porque a Escola não possui alunos que necessitam do transporte escolar especial,Não,Não se aplica porque não ha carência de professores na Escola,Sim,Sim,Sim,Sim,Sim,Sim,Sim,Não,Não se aplica,Sim,Sim,Sim,Bimestral,Sim,Sim,Sim,"Feira cultural, feira da reciclagem e datas comemorativas",5.5,Não se aplica,Sem reprovação 2024,Não,Sim,Sim,Completo,Não,Não se aplica porque a Escola não possui Conselho de Classe,Não se aplica porque a Escola não possui Conselho de Classe,Não,Não,Sim,Sim,Não,Não,Sim,Sim,Não,Sim,Não,PDDE ( PROGRAMA DINEIRO DIRETO NA ESCOLA),Sim,Sim,Não,Não se aplica,Não,Não se aplica,Sim,Não,Sim,Não,Não se aplica,Que a escola seja a melhor possível para o alunado.,Sim,"Da alimentação, evitando os alimentos enlatados e embutidos."
27/10/2025 09:21:43,CRECHE MUNICIPAL DONA DAL,"Rua Cordeiro, Sn, Vila Flor",84991472372,mariahelenaoliveira5425@gmail.com,não se aplica,Maria Helena De Oliveira,Não Se Aplica,Municipal,Educação Infantil,Matutino;Vespertino,Vila Flor,Porte I,80,05,05,"Sim, apenas em parte dos turnos de funcionamento da Escola",Sim,Sim,Sim,2024;2022,Sim,Sim,Sim,Todas as salas de aula com ventiladores,Monofásica,Sim,Não,Não se aplica porque a Escola não possui quadra poliesportiva,Não,Não,Não se aplica,Não,Não se aplica,Sim,Sim,Sim,Não,Nã li q El nã i lbói infái,Não se aplica porque a Escola não possui laboratório de informática,Não se aplica porque a Escola não possui laboratório de informática,Não se aplica porque a Escola não possui laboratório de informática,Não,Não,Regular,Não,Não se aplica porque a Escola não possui laboratório de ciências,Não se aplica porque a Escola não possui laboratório de ciências,Não se aplica porque a Escola não possui laboratório de ciências,Sim,Não,Sim,Não,geladeira;fogão;microondas;armário;torradeira;batedeira;exaustor;,Sim,Sim,Sim,2 lanches e 1 almoço,Sim,Sim,Controle feito manualmente em caderno ou ficha de controle;controle realizado por cardápio e valores de insumos utilizados,Sim,Produtos Tecnológicos (Como Lousa Digital Ou Projetor);Móveis Para Secretaria Ou Direção,Sim,Não,Não,Busca ativa escolar,Não,Não,Sim,Sim,Não,Sim,Sim,05,Não,Professor de educação especializada/AEE;Professor da Sala de Recursos Multifuncionais (SRM);Mediador(a) escolar,Sim,Sim,Não,0,Não,0,Todos os alunos nessa situação são atendidos,0,Sim,Não,Não se aplica porque não ha carência de professores na Escola,Sim,Sim,Sim,Sim,Sim,Sim,Sim,Não,Não se aplica,Não,Não,Sim,Trimestral,Sim,Sim,Sim,"Festas escolares (dia das mães, páscoa, festa junina, natal);gincanas culturais ou solidárias;mostras literárias / feiras do livro;projetos de leitura;apresentações artísticas (teatro, dança, música);semana da cultura ou das artes;atividades ambientais (trilhas, hortas, campanhas);aulas de campo;visitas pedagógicas",Não se aplica,Não se aplica,Não se aplica,Não,Sim,Sim,Completo,Não,Não se aplica porque a Escola não possui Conselho de Classe,Não se aplica porque a Escola não possui Conselho de Classe,Não,Não,Sim,Sim,Não,Não,Sim,Não,Não,Não,Não,PDDE Alimentação,Não,Sim,Não,Não se aplica,Não,Não se aplica,Não,Não se aplica porque a equipe gestora não recebeu nenhuma capacitação sobre a prestação de contas,Sim,Não,Não se aplica,"Garantir o bom funcionamento da escola promovendo um ambiente seguro, saudável e acolhedor para o desenvolvimento integral das crianças.",Não,Não se aplica
27/10/2025 10:09:44,ESCOLA ESTADUAL FABRÍCIO MARANHÃO,"Rua João Pessoa,110",(84) 32472459,eefabriciomaranhao@educar.rn.gov.br,instagran( e.e.fabriciomaranhao),Leila Costa De Lira Carneiro,Ana Nery De Lima Fernandes,Estadual,1º ao 5º ano do Ensino Fundamental,Matutino;Vespertino,Pedro Velho,Porte III,299,11,6,"Sim, em todos os turnos de funcionamento da Escola",Sim,Sim,Não,Não se aplica porque não ocorreu reforma/manutenção,Sim,Não,Sim,Todas as salas de aula com ventiladores,Trifásica,Não sei informar,Não,Não se aplica porque a Escola não possui quadra poliesportiva,Não,Não,Não se aplica,Sim,Em frente a escola,Sim,Sim,Sim,Não,Nã li q El nã i lbói infái,Não se aplica porque a Escola não possui laboratório de informática,Não se aplica porque a Escola não possui laboratório de informática,Não se aplica porque a Escola não possui laboratório de informática,Sim,Sim,Regular,Não,Não se aplica porque a Escola não possui laboratório de ciências,Não se aplica porque a Escola não possui laboratório de ciências,Não se aplica porque a Escola não possui laboratório de ciências,Não,Não se aplica porque a Escola não possui refeitório,Sim,Não,microondas;processador/multiprocessador;torradeira;liquidificador;batedeira;exaustor;mesa de preparo;prateleiras,Sim,Sim,Sim,1 lanche por turno,Não,Sim,Por orientação do órgão responsável (drae ou secretaria de educação);controle feito diariamente durante a preparação da merenda;controle feito pelas merendeiras,Não,"Conjunto Professor (Mesa, Cadeira E Armário);Armários;Birôs;Estantes Para Livros / Armários De Armazenamento Para Material Pedagógico;Produtos Tecnológicos (Como Lousa Digital Ou Projetor);Móveis Para Secretaria Ou Direção;Equipamentos Para Sala Dos Professores;Equipamentos Para Biblioteca",Não,Sim,Não,Não se aplica,Sim,Sim,Não,Sim,"Sim, a Escola recebe menos livros que a quantidade de alunos",Não,Sim,30,Não,Professor da Sala de Recursos Multifuncionais (SRM);Psicólogo(a);Fonoaudiólogo(a);Terapeuta Ocupacional,Sim,Sim,Não,49,Não,Não se aplica,Não se aplica porque a Escola não possui alunos que necessitam do transporte escolar especial,0,Sim,Não,Não se aplica porque não ha carência de professores na Escola,Sim,Não,Não,Sim,Sim,Sim,Sim,Sim,"Porte da escola (pequeno, médio, grande porte)",Sim,Sim,Sim,Bimestral,Sim,Sim,Sim,"Festas escolares (dia das mães, páscoa, festa junina, natal);feiras de ciências;projetos de leitura;aulas de campo",4.4,Não se aplica,7%,Não,Sim,Sim,Completo,Sim,Sim,Completo,Não,Sim,Sim,Sim,Não,Não,Sim,Sim,Não,Sim,Não,PDDE Básico;PDDE Interativo;Educação Conectada;PNAE;PAGUE,Sim,Sim,Não,Não se aplica,Não,Não se aplica,Sim,Sim,Sim,Não,Não se aplica,"Garantir o funcionamento eficiente da escola, liderando e gerenciando todos os aspectos da instituição, desempenhando um papel fundamental na formação dos alunos e no desenvolvimento escolar como um todo.",Não,Não se aplica
27/10/2025 13:52:37,ESCOLA ESTADUAL EM TEMPO INTEGRAL FABRÍCIO MARANHÃO,"Rua Doutor Pedro Velho, Sn, Centro, Canguaretama Rn, Cep 59190-000",42412727,eefmaranhao@educar.rn.gov.br,@fama,Francisco Alves Galvão Neto,Ana Maria Pereira De Paiva,Estadual,6º ao 9º ano do Ensino Fundamental;1º ao 3º ano do Ensino Médio;EJA,Matutino;Vespertino;Noturno,Canguaretama,Porte III,361,12,6,"Sim, em todos os turnos de funcionamento da Escola",Não,Sim,Não,Não se aplica porque não ocorreu reforma/manutenção,Não,Sim,Sim,Todas as salas de aula com ar condicionado,Trifásica,Não sei informar,Não,Não se aplica porque a Escola não possui quadra poliesportiva,Não,Não,Não se aplica,Não,Não se aplica,Sim,Não,Sim,Sim,1 10,Sim,Sim,Pesquisas por parte dos alunos,Sim,Não,Satisfatória,Não,Não se aplica porque a Escola não possui laboratório de ciências,Não se aplica porque a Escola não possui laboratório de ciências,Não se aplica porque a Escola não possui laboratório de ciências,Não,Não se aplica porque a Escola não possui refeitório,Sim,Sim,freezer;geladeira;fogão;armário;utensílios de cozinha;liquidificador;pia,Sim,Sim,Sim,Mais de 3 refeições,Não,Sim,Controle semanal realizado pelo gestor escolar,Não,"Kit Aluno (Cadeira, Mesa E Materiais);Armários;Birôs;Estantes Para Livros / Armários De Armazenamento Para Material Pedagógico;Produtos Tecnológicos (Como Lousa Digital Ou Projetor);Equipamentos Para Biblioteca",Não,Sim,Sim,Busca Ativa Escolar;Contato Com Pais Ou Responsáveis;Reuniões De Gestão Sobre Evasão;Monitoramento Pela Frequência Escolar,Não,Não,Não,Sim,Não,Não,Sim,20,Não,Professor de educação especializada/AEE;Psicólogo(a);Assistente Social;Fonoaudiólogo(a),Sim,Sim,Não se aplica porque a Escola já possui transporte escolar,234,Sim,Alunos que moram locais isolados e possuem necessidades educacionais especiais.,Todos os alunos nessa situação são atendidos,0,Sim,Sim,Efetivos;Temporários,Sim,Não,Sim,Sim,Não,Sim,Sim,Sim,"Porte da escola (pequeno, médio, grande porte)",Sim,Sim,Sim,Bimestral,Não,Não,Sim,"Festas escolares (dia das mães, páscoa, festa junina, natal);atividades esportivas (jogos, torneios, olimpíadas);gincanas culturais ou solidárias;feiras culturais;aulas de campo",Não se aplica,7,15,Não,Sim,Sim,Possui vacância,Sim,Sim,Completo,Não,Sim,Sim,Sim,Sim,Não,Sim,Não,Não,Sim,Não,PDDE Básico;PDDE Qualidade;PDDE Escola da Adolescência;Educação Conectada;PNAE;PAGUE,Sim,Sim,Sim,Os locais de recebimento das prestações de contas são distantes,Sim,2025,Sim,Sim,Não,Sim,Incentivo à produção literária e esportiva.,Dinamizar a educação na escola.,Sim,Jovens escritores e jovens atletas.
28/10/2025 03:43:41,ESCOLA ESTADUAL 4 DE MARÇO,Rua Joaquim Manoel 47,84994140076,ee4demarco@educar.rn.gov.br,@escolaestadual04de,Kessia Katiane Alves Pessoa,Lúcia Maria Soares Tavares,Estadual,6º ao 9º ano do Ensino Fundamental;1º ao 3º ano do Ensino Médio;EJA,Matutino;Vespertino;Noturno,Canguaretama,Porte III,390,12,4,"Sim, em todos os turnos de funcionamento da Escola",Não,Sim,Não,Não se aplica porque não ocorreu reforma/manutenção,Sim,Não,Não,"Não se aplica porque as salas não possuem ar condicionado, nem ventiladores",Monofásica,Não,Não,Não se aplica porque a Escola não possui quadra poliesportiva,Não,Sim,Futebol masculino;jiu-jitsu;capoeira,Sim,Locais emprestados,Não,Não se aplica porque a Escola não possui biblioteca/sala de leitura,Sim,Não,Nã li q El nã i lbói infái,Não se aplica porque a Escola não possui laboratório de informática,Não se aplica porque a Escola não possui laboratório de informática,Não se aplica porque a Escola não possui laboratório de informática,Sim,Sim,Regular,Não,Não se aplica porque a Escola não possui laboratório de ciências,Não se aplica porque a Escola não possui laboratório de ciências,Não se aplica porque a Escola não possui laboratório de ciências,Não,Não se aplica porque a Escola não possui refeitório,Sim,Não,microondas;armário;utensílios de cozinha;processador/multiprocessador;torradeira;liquidificador;exaustor;mesa de preparo;prateleiras,Sim,Sim,Sim,1 lanche por turno,Não,Sim,Por orientação do órgão responsável (drae ou secretaria de educação),Não,"Kit Aluno (Cadeira, Mesa E Materiais);Conjunto Professor (Mesa, Cadeira E Armário);Armários;Birôs;Mesas E Cadeiras De Refeitório;Lousa Para Sala De Aula;Estantes Para Livros / Armários De Armazenamento Para Material Pedagógico;Produtos Tecnológicos (Como Lousa Digital Ou Projetor);Móveis Para Secretaria Ou Direção",Não,Sim,Não,Busca Ativa Escolar;Busca Ativa Com O Conselho Tutelar;Contato Com Pais Ou Responsáveis;Visitas Domiciliares;Reuniões Com A Família,Sim,Sim,Não,Sim,"Sim, a Escola recebe menos livros que a quantidade de alunos",Não,Sim,16,Não,Professor de educação especializada/AEE;Psicólogo(a);Fonoaudiólogo(a);Terapeuta Ocupacional,Sim,Sim,Sim,Em médi 150,Não,0,Não se aplica porque a Escola não possui alunos que necessitam do transporte escolar especial,0,Sim,Não,Não se aplica porque não ha carência de professores na Escola,Sim,Sim,Sim,Sim,Sim,Sim,Sim,Sim,"Porte da escola (pequeno, médio, grande porte)",Sim,Sim,Sim,Bimestral,Sim,Sim,Sim,"Atividades esportivas (jogos, torneios, olimpíadas);feiras culturais;mostras literárias / feiras do livro;semana da cultura ou das artes;atividades ambientais (trilhas, hortas, campanhas);aulas de campo;feiras de profissões",3.1,Não sabemos,30%,Nao,Sim,Sim,Completo,Sim,Sim,Completo,Sim,Sim,Sim,Sim,Não,Não,Sim,Não,Sim,Sim,Não,PDDE Básico;PDDE Qualidade;PDDE Alimentação;PDDE Escola da Adolescência;Educação Conectada;PNAE;PAGUE,Sim,Não,Não,Não,Não,Não se aplic,Sim,Sim,Sim,Sim,Temos muitos trabalhos reconhecidos. Nossa escola ganhou o prêmio Paulo Freire de Educação em Brasília /2025.,"Permitir uma gestão participativa, acolhedora e que incentive toda equipe a uma educação com mais igualdade e equidade.",Sim,"Projeto que permita envolver a comunidade escolar nas atividades diárias da escola, permitindo ações educativas e aproximação da família e escola"
29/10/2025 15:43:44,ESCOLA MUNICIPAL DE 1 GRAU MAIOR PADRE LEÔNCIO,Rua 15 De Agosto,84 98103.7757,empadreleoncio@gmail.com,instagram - escola municipal padre leôncio,Weliton Arruda Da Costa,Severino Da Silva Lima,Municipal,1º ao 5º ano do Ensino Fundamental;6º ao 9º ano do Ensino Fundamental;EJA,Matutino;Vespertino;Noturno,Pedro Velho,Porte IV,210,"FUNDAEMNTAL 1 - 2 lieid, co lno do 1,2 e 3 no, o co lno do 4 e 5 no; FUNDAMEMNTAL 2 - 4 egle e EJA - 3 lieid, ol 9 .",4 salas,"Sim, apenas em parte dos turnos de funcionamento da Escola",Sim,Sim,Sim,2025,Sim,Sim,Sim,Todas as salas de aula com ventiladores,Monofásica,Não,Não,Não se aplica porque a Escola não possui quadra poliesportiva,Sim,Sim,Futebol masculino;futebol feminino;queimada;handball;futebol de areia;vôlei,Sim,"Espaços cedidos (campo de areia, campo de futebol, entre outros)",Sim,Sim,Sim,Não,Nã li q El nã i lbói infái,Não se aplica porque a Escola não possui laboratório de informática,Não se aplica porque a Escola não possui laboratório de informática,Não se aplica porque a Escola não possui laboratório de informática,Não,Não,Regular,Não,Não se aplica porque a Escola não possui laboratório de ciências,Não se aplica porque a Escola não possui laboratório de ciências,Não se aplica porque a Escola não possui laboratório de ciências,Não,Não se aplica porque a Escola não possui refeitório,Sim,Sim,microondas;processador/multiprocessador;torradeira;batedeira;exaustor;mesa de preparo;prateleiras,Sim,Sim,Sim,1 lanche por turno,Sim,Sim,Controle supervisionado pela secretaria municipal de educação;verificação da qualidade e quantidade no momento do recebimento;existe local de armazenamento e registro das entradas e saídas,Sim,Mesas E Cadeiras De Refeitório,Sim,Sim,Sim,Busca Ativa Escolar;Contato Com Pais Ou Responsáveis;Visitas Domiciliares;Reuniões Com A Família;Monitoramento Pela Frequência Escolar,Não,Não,Sim,Sim,Não,Sim,Sim,11,Não,Professor de educação especializada/AEE,Sim,Sim,Não se aplica porque a Escola já possui transporte escolar,17,Sim,2,Todos os alunos nessa situação são atendidos,0,Sim,Sim,Temporários,Sim,Não,Sim,Sim,Não,Sim,Sim,Não,Não se aplica,Não,Não,Sim,Bimestral,Sim,Sim,Sim,"Festas escolares (dia das mães, páscoa, festa junina, natal);atividades esportivas (jogos, torneios, olimpíadas);gincanas culturais ou solidárias;apresentações artísticas (teatro, dança, música);semana da cultura ou das artes;atividades ambientais (trilhas, hortas, campanhas)",Em 2023 a escola não participou.,Não se aplica,"Ensino regular 6,8%; EJA 74%.",Sim,Sim,Sim,Completo,Sim,Sim,Completo,Não,Sim,Sim,Sim,Não,Sim,Sim,Não,Não,Sim,Sim,PDDE Básico;PDDE Qualidade;Educação Conectada,Sim,Sim,Não,Não se aplica,Não,Não se aplica,Sim,Sim,Não,Não,Não se aplica,"Assegurar a execução do projeto político-pedagógico (ppp), o cumprimento das finalidades da educação básica, a garantir uma gestão eficiente, democrática e comprometida com a qualidade",Não,Não se aplica
30/10/2025 06:56:45,ESCOLA MUNICIPAL JUVÊNCIO DOS SANTOS CORDEIRO,Rua Braz Fagundes,84 994906584,juvenciodossantoscordeiro@gmail.com,não,Joana Darc Do Nascimento,Não,Municipal,Educação Infantil,Matutino;Vespertino,Vila Flor,Porte IV,120A,7 T,5 Salas,"Sim, apenas em parte dos turnos de funcionamento da Escola",Sim,Não,Sim,2024,Não,Sim,Sim,Parte das salas de aula com ar condicionado e outra parte com ventiladores,Monofásica,Não,Não,Não se aplica porque a Escola não possui quadra poliesportiva,Não,Não,Não se aplica,Não,Não se aplica,Não,Não se aplica porque a Escola não possui biblioteca/sala de leitura,Não se aplica porque a Escola não possui biblioteca/sala de leitura,Não,Nã li q El nã i lbói infái,Não se aplica porque a Escola não possui laboratório de informática,"Não há utilização, embora esteja disponível para alunos e professores",Não se aplica porque a Escola não possui laboratório de informática,Não,Não,Insatisfatória,Não,Não se aplica porque a Escola não possui laboratório de ciências,Não se aplica porque a Escola não possui laboratório de ciências,Não se aplica porque a Escola não possui laboratório de ciências,Sim,Não,Sim,Não,geladeira;microondas;armário;processador/multiprocessador;torradeira;batedeira;exaustor;mesa de preparo;prateleiras,Não,Sim,Sim,2 lanches e 1 almoço,Sim,Não,Controle supervisionado pela secretaria municipal de educação,Não,Estantes Para Livros / Armários De Armazenamento Para Material Pedagógico;Móveis Para Secretaria Ou Direção,Sim,Não,Não,Não se aplica,Sim,Sim,Não,Sim,Não,Não,Sim,15ALUOS,Sim,Profissional de Apoio (Cuidador);Psicólogo(a);Os profissionais são suficientes / A escola já possui acompanhante para alunos com laudo,Sim,Sim,Não se aplica porque a Escola já possui transporte escolar,03 ALUNOS,Não,Não se aplica,Não se aplica porque a Escola não possui alunos que necessitam do transporte escolar especial,0 zero,Sim,Não,Não se aplica porque não ha carência de professores na Escola,Sim,Não,Sim,Sim,Sim,Sim,Sim,Sim,Classificação que define gratificação da direção,Não,Não,Sim,Trimestral,Sim,Não,Sim,"Festas escolares (dia das mães, páscoa, festa junina, natal);projetos de leitura",Não se aplica,Não se aplica,Não se aplica,Não se aplica,Sim,Sim,Completo,Não,Não se aplica porque a Escola não possui Conselho de Classe,Não se aplica porque a Escola não possui Conselho de Classe,Não,Não,Sim,Sim,Sim,Não,Sim,Não,Não,Não,Não,"PNAE;TEMPO INTEGRAL, COMPROMISSO NACIONAL CRIANÇA ALFABETIZADA",Sim,Sim,Não,Não se aplica,Não,Não se aplica,Sim,Não,Sim,Sim,"A Experiência com o Tempo Integral na Educação Infantil, portanto a jornada ampliada permitem que as famílias trabalhem e organizem sua vida, com a segurança de ter seus pequenos protegidos do trabalho infantil e outras violações.","Manter o bom funcionamento da escola, incentivar, motivar e inspirar a equipe e os alunos, garantindo a qualidade de ensino.",Não,Não se aplica
31/10/2025 03:40:02,CENTRO EDUCACIONAL MARIA DA CONCEIÇÃO FREIRE,Largo Arcelino Gomes Da Cruz,(84)99408-4384,jucileneantonieta80@gmail.com,crechemaria5,Jucilene Antonieta Rosendo De Andrade,Não Se Aplica,Municipal,Educação Infantil,Matutino;Vespertino,Baía Formosa,Porte I,175,8,5,"Sim, em todos os turnos de funcionamento da Escola",Sim,Sim,Sim,2025;2024;2023;2022,Sim,Sim,Sim,Todas as salas de aula com ar condicionado,Monofásica,Sim,Não,Não se aplica porque a Escola não possui quadra poliesportiva,Não,Não,Não se aplica,Não,Não se aplica,Sim,Sim,Não,Não,Nã li q El nã i lbói infái,Não se aplica porque a Escola não possui laboratório de informática,Não se aplica porque a Escola não possui laboratório de informática,Não se aplica porque a Escola não possui laboratório de informática,Sim,Não,Satisfatória,Não,Não se aplica porque a Escola não possui laboratório de ciências,Não se aplica porque a Escola não possui laboratório de ciências,Não se aplica porque a Escola não possui laboratório de ciências,Sim,Sim,Sim,Sim,todos estão em perfeito estado/não está faltando nada,Sim,Sim,Sim,1 lanche e 1 almoço,Sim,Sim,"Controle realizado em planilhas (entrada e saída de produtos);controle feito manualmente em caderno ou ficha de controle;controle feito diariamente durante a preparação da merenda;controle semanal realizado pelo gestor escolar;controle supervisionado pela secretaria municipal de educação;controle feito pelas merendeiras;verificação da qualidade e quantidade no momento do recebimento;registro fotográfico dos insumos e alimentos recebidos;controle realizado por cardápio e valores de insumos utilizados;controle realizado por meio de relatório de alimentação escolar;existe local de armazenamento e registro das entradas e saídas;recebimento semanal de alimentos, armazenados na escola",Sim,Não se aplica,Sim,Não,Sim,Busca Ativa Escolar;Contato Com Pais Ou Responsáveis;Visitas Domiciliares;Reuniões Com A Família;Encaminhamento À Rede De Proteção/Ao Conselho Tutelar;Acompanhamento Individualizado Dos Alunos;Reuniões De Gestão Sobre Evasão;Monitoramento Pela Frequência Escolar,Não,Sim,Não,Sim,Não,Sim,Sim,15,Sim,Fonoaudiólogo(a);Terapeuta Ocupacional;Intérprete de Libras;Os profissionais são suficientes / A escola já possui acompanhante para alunos com laudo,Sim,Sim,Não se aplica porque a Escola já possui transporte escolar,5,Não,0,Não se aplica porque a Escola não possui alunos que necessitam do transporte escolar especial,0,Não se aplica porque a Escola não possui alunos que necessitam do transporte escolar especial,Não,Não se aplica porque não ha carência de professores na Escola,Sim,Sim,Sim,Sim,Sim,Sim,Sim,Sim,"Porte da escola (pequeno, médio, grande porte);quantidade de alunos;quantidade de turmas;quantidade de turnos;processo seletivo para diretores escolares",Sim,Sim,Sim,Mensal,Sim,Sim,Sim,"Festas escolares (dia das mães, páscoa, festa junina, natal);mostras literárias / feiras do livro;apresentações artísticas (teatro, dança, música);atividades ambientais (trilhas, hortas, campanhas)",Não se aplica,Não se aplica,0,Não,Não,Não se aplica porque a Escola não possui Conselho Escolar,Não se aplica porque a Escola não possui Conselho Escolar,Não,Não se aplica porque a Escola não possui Conselho de Classe,Não se aplica porque a Escola não possui Conselho de Classe,Não,Não,Sim,Sim,Não,Não,Sim,Sim,Não,Sim,Não,PDDE Básico;PDDE Interativo;Educação Conectada;PNAE,Sim,Sim,Não,Não se aplica,Não,Não se aplica,Sim,Sim,Sim,Sim,"Realizamos este ano a primeira Exposição Pedagógica INFAC Infância em Ação,que visa desenvolver diversas atividades pedagógicas que estimulem o desenvolvimento infantil",Desenvolver um trabalho satisfatório que busque o desenvolvimento do aluno e a organização institucional.,Não,Não se aplica
06/11/2025 16:21:04,ESCOLA MUNICIPAL JUVÊNCIO DOS SANTOS CORDEIRO,Rua; Braz Fagundes,84 991906584,juvenciodossantoscordeiro@gmail.com,não se aplica,Joana Darc Do Nascimento,Não Se Aplica,Municipal,Educação Infantil,Matutino;Vespertino,Vila Flor,Porte IV,120A,7 T,5 Salas,"Sim, apenas em parte dos turnos de funcionamento da Escola",Sim,Sim,Sim,2024,Não,Sim,Sim,Parte das salas de aula com ar condicionado e outra parte com ventiladores,Monofásica,Não,Não,Não se aplica porque a Escola não possui quadra poliesportiva,Não,Não,Não se aplica,Não,Não se aplica,Não,Não se aplica porque a Escola não possui biblioteca/sala de leitura,Não se aplica porque a Escola não possui biblioteca/sala de leitura,Não,Nã li q El nã i lbói infái,Não se aplica porque a Escola não possui laboratório de informática,Não se aplica porque a Escola não possui laboratório de informática,Não se aplica porque a Escola não possui laboratório de informática,Não,Não,Regular,Não,Não se aplica porque a Escola não possui laboratório de ciências,Não se aplica porque a Escola não possui laboratório de ciências,Não se aplica porque a Escola não possui laboratório de ciências,Sim,Sim,Sim,Não,geladeira;microondas;armário;processador/multiprocessador;torradeira;batedeira;exaustor;mesa de preparo;prateleiras,Não,Sim,Sim,2 lanches e 1 almoço,Sim,Sim,Controle supervisionado pela secretaria municipal de educação,Não,Armários;Birôs;Estantes Para Livros / Armários De Armazenamento Para Material Pedagógico;Móveis Para Secretaria Ou Direção,Sim,Não,Não,Não se aplica,Sim,Sim,Sim,Sim,Não,Não,Sim,10A,Sim,Os profissionais são suficientes / A escola já possui acompanhante para alunos com laudo,Sim,Sim,Não se aplica porque a Escola já possui transporte escolar,03 A,Não,Não se aplica,Não se aplica porque a Escola não possui alunos que necessitam do transporte escolar especial,0 (zero),Sim,Não,Não se aplica porque não ha carência de professores na Escola,Sim,Sim,Sim,Não,Sim,Sim,Não,Não,Não se aplica,Não,Não,Sim,Semestral,Sim,Não,Sim,"Festas escolares (dia das mães, páscoa, festa junina, natal)",Não se aplica,Não se aplica,Não se aplica,Não se aplica,Não,Não se aplica porque a Escola não possui Conselho Escolar,Não se aplica porque a Escola não possui Conselho Escolar,Não,Não se aplica porque a Escola não possui Conselho de Classe,Não se aplica porque a Escola não possui Conselho de Classe,Não,Sim,Sim,Sim,Não,Não,Sim,Não,Não,Não,Não,"PNAE;Escola em Tempo Integral, compromisso nacional criança alfabetizada",Sim,Sim,Não,Não se aplica,Não,Não se aplica,Não,Não se aplica porque a equipe gestora não recebeu nenhuma capacitação sobre a prestação de contas,Sim,Sim,"PENERQ, RN ANTI RASISTA.","Garantir a qualidade do ensino através do planejamento e acompanhamento pedagógico. nejamento e acompanhamento pedagógico, fortalecer o relacionamento com a comunidade escolar, promovend",Não,Não se aplica
11/11/2025 11:06:40,ESCOLA MUNICIPAL JOSÉ DE CARVALHO E SILVA,"Rua Getúlio Vargas, S/N, Centro, Canguaretama/Rn",84994048768,emjcs.canguarn@gmail.com,instagram: emjcs.municipal e facebook: emjcs josé de carvalho,Carlos Magno Marques Da Silva,Rosileide Andrade Alves De Lima,Municipal,6º ao 9º ano do Ensino Fundamental;EJA,Matutino;Vespertino;Noturno,Canguaretama,Porte II,527,18,6,"Sim, em todos os turnos de funcionamento da Escola",Sim,Sim,Sim,2025,Sim,Sim,Sim,Todas as salas de aula com ventiladores,Trifásica,Não,Não,Não se aplica porque a Escola não possui quadra poliesportiva,Sim,Sim,Futebol masculino;futebol feminino;futsal;queimada,Sim,Ginásio/quadra municipal,Sim,Sim,Sim,Não,Nã li q El nã i lbói infái,Não se aplica porque a Escola não possui laboratório de informática,Não se aplica porque a Escola não possui laboratório de informática,Não se aplica porque a Escola não possui laboratório de informática,Sim,Não,Regular,Não,Não se aplica porque a Escola não possui laboratório de ciências,Não se aplica porque a Escola não possui laboratório de ciências,Sim,Sim,Sim,Sim,Não,utensílios de cozinha;processador/multiprocessador;torradeira;liquidificador;batedeira;exaustor;mesa de preparo,Sim,Sim,Sim,1 lanche por turno,Não,Sim,Por orientação do órgão responsável (drae ou secretaria de educação);controle semanal realizado pelo gestor escolar;controle feito pelas merendeiras,Não,Armários;Mesas E Cadeiras De Refeitório;Produtos Tecnológicos (Como Lousa Digital Ou Projetor);Móveis Para Secretaria Ou Direção;Equipamentos Para Sala Dos Professores;Equipamentos Para Biblioteca,Sim,Sim,Sim,Busca Ativa Escolar;Contato Com Pais Ou Responsáveis;Visitas Domiciliares;Reuniões Com A Família;Encaminhamento À Rede De Proteção/Ao Conselho Tutelar;Acompanhamento Individualizado Dos Alunos;Monitoramento Pela Frequência Escolar,Não,Não,Não,Sim,"Sim, a Escola recebe menos livros que a quantidade de alunos",Sim,Sim,14,Não,Professor de educação especializada/AEE;Professor da Sala de Recursos Multifuncionais (SRM);Psicólogo(a);Assistente Social;Fonoaudiólogo(a);Terapeuta Ocupacional,Sim,Sim,Não se aplica porque a Escola já possui transporte escolar,509,Não,Não se aplica,Não se aplica porque a Escola não possui alunos que necessitam do transporte escolar especial,0,Sim,Não,Não se aplica porque não ha carência de professores na Escola,Sim,Não,Sim,Sim,Sim,Sim,Sim,Não,Não se aplica,Sim,Sim,Sim,Bimestral,Sim,Não,Sim,"Festas escolares (dia das mães, páscoa, festa junina, natal);atividades esportivas (jogos, torneios, olimpíadas);gincanas culturais ou solidárias;feiras culturais;apresentações artísticas (teatro, dança, música);aulas de campo;visitas pedagógicas",Não se aplica,Não se aplica,163 estudantes,Não,Sim,Sim,Completo,Sim,Sim,Completo,Não,Não,Sim,Sim,Não,Sim,Sim,Não,Não,Sim,Sim,PDDE Básico;PDDE Qualidade;Educação Conectada,Sim,Sim,Não,Não se aplica,Não,Não se aplica,Sim,Sim,Sim,Sim,"Em 2025 a Escola Municipal José de Carvalho e Silva intensificou as aula de Música com teclado, flauta e violão, assim como iniciou a introdução à robótica, com aulas regulares e encontros semanais, contando com equipamentos específicos, incluindo até com impressora 3D. Além disso, as novas tecnologias foram levadas às salas com os professores que registraram momentos e espaços visitados, projetando para o futuro e usando recursos de inteligência artificial.","Favorecer um bom funcionamento da unidade de ensino, despertando e valorizando os perfis de liderança da equipe escolar, promovendo ações que colaborem para a construção de uma educação de qualidade social dentro da realidade local.",Sim,"No momento estamos passando por um desafio necessário enorme, pois estamos funcionando em um prédio que não é nosso, com espaço menor e que não atende toda a nossa demanda de funcionamento, tendo a estrutura física e os aspectos relacionais com a escola que cedeu o espaço e compartilha conosco elementos desafiadores. mas, isso se deu por algo positivo que é uma grande reforma que está acontecendo no prédio da nossa escola. como no prédio próprio contávamos com mais espaços e não tinhamos os desafios de estar 2 escolas convivendo em um mesmo espaço como estamos temporariamente, algumas iniciativas que estavam dando certo tiveram que parar, como por exemplo, a sala de leitura, espaço de jogos, espaço de acolhimento, espaço de descanso do servidor, projetos de interação semanal com a família, entre outras coisas. isso tudo faz parte do que eu, na qualidade atual de gestor, gostaria desenvolver ainda na escola, mas tenho a consciência de que será possível ao retornarmos ao nosso prédio. um novo prédio, melhor do que o que tínhamos. o potencial da emjcs é muito grande e desejo que, se não a minha pessoal, aquele que vier, a trate bem e eleve cada vez mais a qualidade do ensino e da convivência oferecida a nossa sociedade."
12/11/2025 10:45:49,ESCOLA MESCOLA MUNICIPAL JOÃO GOMES DE TORRES,Conjunto Bonsucesso,84991430420,eridianalves@gmail.com,não se aplica,Eridiana Alves Da Silva Bezerra,Não Se Aplica,Municipal,Educação Infantil;1º ao 5º ano do Ensino Fundamental,Matutino;Vespertino,Canguaretama,Porte II,337,16 T,8,"Sim, em todos os turnos de funcionamento da Escola",Não,Sim,Sim,2024;2023,Sim,Sim,Sim,Todas as salas de aula com ventiladores,Monofásica,Não,Sim,Não,Sim,Não,Não se aplica,Sim,Quadra/pátio da escola,Sim,Sim,Sim,Sim,1 10,Não,Sim,Aulas e demais projetos pedagógicos realizados pelos professores com os alunos,Sim,Não,Satisfatória,Não,Não se aplica porque a Escola não possui laboratório de ciências,Não,Não se aplica porque a Escola não possui laboratório de ciências,Não,Não se aplica porque a Escola não possui refeitório,Sim,Não,microondas;processador/multiprocessador;torradeira;exaustor;prateleiras,Sim,Sim,Sim,1 lanche por turno,Sim,Sim,"Controle semanal realizado pelo gestor escolar;controle feito pelas merendeiras;existe local de armazenamento e registro das entradas e saídas;recebimento semanal de alimentos, armazenados na escola",Não,Armários;Mesas E Cadeiras De Refeitório;Estantes Para Livros / Armários De Armazenamento Para Material Pedagógico;Móveis Para Secretaria Ou Direção,Sim,Não,Sim,Busca Ativa Escolar;Busca Ativa Com O Conselho Tutelar;Contato Com Pais Ou Responsáveis;Visitas Domiciliares;Reuniões Com A Família;Encaminhamento À Rede De Proteção/Ao Conselho Tutelar;Acompanhamento Individualizado Dos Alunos;Reuniões De Gestão Sobre Evasão;Monitoramento Pela Frequência Escolar,Não,Sim,Não,Sim,Não,Sim,Sim,22,Não,"Psicólogo(a);Assistente Social;Fonoaudiólogo(a);Terapeuta Ocupacional;Intérprete de Libras;ESSES PROFISSIONAIS SÃO OFERECIDOS PELO PODER PUBLICO NA CASA SINGULAR, ONDE OS ALUNOS SÃO ENCAMINHADOS VIA ESCOLA.",Sim,Não,Sim,97 tiizm trprte ecr,Sim,2,Apenas parte dos alunos nessa situação são atendidos,01,Sim,Não,Não se aplica porque não ha carência de professores na Escola,Sim,Não,Sim,Sim,Sim,Sim,Sim,Sim,"Porte da escola (pequeno, médio, grande porte);quantidade de alunos",Sim,Sim,Sim,Bimestral,Sim,Sim,Sim,"Festas escolares (dia das mães, páscoa, festa junina, natal);atividades esportivas (jogos, torneios, olimpíadas);projetos de leitura;aulas de campo;visitas pedagógicas","Em 2023, o resultado do ideb foi de 4,9","Em 2024 mat. 47%, port. 60%.",03%,Não,Sim,Sim,Completo,Não,Não se aplica porque a Escola não possui Conselho de Classe,Não se aplica porque a Escola não possui Conselho de Classe,Não,Não,Sim,Sim,Não,Sim,Sim,Sim,Não,Sim,Não,PDDE Básico;PDDE Qualidade;Educação Conectada,Sim,Sim,Não,Não se aplica,Não,Não se aplica,Sim,Sim,Sim,Sim,"A ESCOLA POR MEIO DO DIRETOR ATUAL ADQUIRIU ALGUNS EQUIPAMENTOS TECNOLÓGICOS, DIVULGOU E EXECUTOU UM PROJETO DE ALFABETIZAÇÃO COM TURMAS DE 2º ANO COM USO DE JOGOS EDUCACIONAIS; OBJETO DE ESTUDO DA DISSERTAÇÃO DE MESTRADO DO GESTOR ESCOLAR. O PROJETO TEVE CONTINUIDADE POR OUTROS PROFESSORES.","Garantir a gestão pedagógica e administrativa de forma eficiente a partir da construção de um espaço colaborativo entre escola, família e comunidade, possibilitando que a instituição seja um espaço seguro e inclusivo.",Sim,Ampliar as possibilidades de uso de ferramentais digitais educacionais para que os professores possam fazer uso dos equipamentos tecnológicos existentes e aprimorar suas práticas pedagógicas para melhor atender a demanda da comunidade atual.
17/11/2025 04:52:55,ESCOLA MUNICIPAL NOSSA SENHORA DA CONCEIÇÃO,"Rua Nossa Senhora Da Conceição, Areia Branca.",(84) 99213-8045,navegantesrocha2019@hotmail.com,não possui.,Maria Dos Navegantes Rodrigues Da Silva Rocha,Não Se Aplica,Municipal,Educação Infantil;1º ao 5º ano do Ensino Fundamental,Matutino;Vespertino;Noturno,Canguaretama,Porte III,356,18,9,"Sim, em todos os turnos de funcionamento da Escola",Não,Sim,Sim,2024,Sim,Sim,Sim,Todas as salas de aula com ventiladores,Trifásica,Não,Sim,Não,Não,Não,Não se aplica,Não,Não se aplica,Não,Não se aplica porque a Escola não possui biblioteca/sala de leitura,Não se aplica porque a Escola não possui biblioteca/sala de leitura,Não,Nã li q El nã i lbói infái,Não se aplica porque a Escola não possui laboratório de informática,Não se aplica porque a Escola não possui laboratório de informática,Não se aplica porque a Escola não possui laboratório de informática,Sim,Não,Insatisfatória,Não,Não se aplica porque a Escola não possui laboratório de ciências,Não se aplica porque a Escola não possui laboratório de ciências,Não se aplica porque a Escola não possui laboratório de ciências,Não,Não se aplica porque a Escola não possui refeitório,Sim,Não,armário;utensílios de cozinha;batedeira;prateleiras,Sim,Sim,Sim,1 lanche por turno,Sim,Sim,"Por orientação do órgão responsável (drae ou secretaria de educação);controle feito manualmente em caderno ou ficha de controle;controle semanal realizado pelo gestor escolar;verificação da qualidade e quantidade no momento do recebimento;controle realizado por cardápio e valores de insumos utilizados;recebimento semanal de alimentos, armazenados na escola",Não,"Kit Aluno (Cadeira, Mesa E Materiais);Conjunto Professor (Mesa, Cadeira E Armário);Cadeiras;Mesas E Cadeiras De Refeitório;Produtos Tecnológicos (Como Lousa Digital Ou Projetor);Móveis Para Secretaria Ou Direção",Sim,Sim,Não,Não se aplica,Não,Não,Não,Sim,Não,Sim,Sim,33,Não,Psicólogo(a);Assistente Social;Fonoaudiólogo(a),Sim,Sim,Não se aplica porque a Escola já possui transporte escolar,15,Não,Não se aplica,Não se aplica porque a Escola não possui alunos que necessitam do transporte escolar especial,Não se aplica,Sim,Não,Não se aplica porque não ha carência de professores na Escola,Sim,Não,Sim,Não,Sim,Sim,Não,Não,Não se aplica,Sim,Sim,Sim,Bimestral,Sim,Sim,Sim,"Festas escolares (dia das mães, páscoa, festa junina, natal);apresentações artísticas (teatro, dança, música);visitas pedagógicas",3.4,Lingua portuguesa: 500 matemática: 457,2%,Não,Sim,Sim,Completo,Não,Não se aplica porque a Escola não possui Conselho de Classe,Não se aplica porque a Escola não possui Conselho de Classe,Não,Não,Sim,Sim,Não,Sim,Sim,Sim,Não,Sim,Não,PDDE Básico;PDDE Qualidade;PDDE Interativo;PDDE Família na Escola;Educação Conectada;AEE,Sim,Sim,Não,Não se aplica,Não,</senior code ai >,Sim,Não,Sim,Não,Não se aplica,"Como gestora busco promover da melhor forma a organização das finanças, da estrutura, dos funcionários para que o ambiente escolar funcione harmoniosamente.",Sim,"Projeto de leitura e escrita que promova a alfabetização, para o desenvolvimento do projeto preciso da participação dos pais, professores, toda a comunidade no geral."
17/11/2025 05:58:59,ESCOLA MUNICIPAL MANOEL RODRIGUES,Rua Campo Santo S/N Jiqui Campo,(84) 992045606,genildaestevan@gmail.com,não se aplica,Genilda Estevam Dos Anjos,Naõ Se Aplica,Municipal,Educação Infantil;1º ao 5º ano do Ensino Fundamental,Matutino;Vespertino,Canguaretama,Porte III,208ALUNOS,10 TURMAS: 03 EDUCAÇAÕ INFATIL 07 ESINO FUNDAMEN TA I,05,"Sim, em todos os turnos de funcionamento da Escola",Sim,Sim,Sim,2024,Sim,Sim,Sim,Todas as salas de aula com ar condicionado,Trifásica,Sim,Não,Não se aplica porque a Escola não possui quadra poliesportiva,Sim,Sim,Futebol masculino;jiu-jitsu;queimada,Sim,"Espaços cedidos (campo de areia, campo de futebol, entre outros)",Não,Não se aplica porque a Escola não possui biblioteca/sala de leitura,Não se aplica porque a Escola não possui biblioteca/sala de leitura,Não,Nã li q El nã i lbói infái,Não se aplica porque a Escola não possui laboratório de informática,Não se aplica porque a Escola não possui laboratório de informática,Não se aplica porque a Escola não possui laboratório de informática,Sim,Sim,Regular,Não,Não se aplica porque a Escola não possui laboratório de ciências,Não se aplica porque a Escola não possui laboratório de ciências,Não se aplica porque a Escola não possui laboratório de ciências,Não,Não se aplica porque a Escola não possui refeitório,Sim,Não,microondas;processador/multiprocessador;batedeira;exaustor,Sim,Sim,Sim,Apenas lanche,Sim,Sim,"Controle feito manualmente em caderno ou ficha de controle;controle semanal realizado pelo gestor escolar;recebimento semanal de alimentos, armazenados na escola",Não,Mesas E Cadeiras De Refeitório;Produtos Tecnológicos (Como Lousa Digital Ou Projetor);Equipamentos Para Biblioteca,Sim,Não,Sim,Busca Ativa Escolar;Contato Com Pais Ou Responsáveis;Visitas Domiciliares;Acompanhamento Individualizado Dos Alunos;Monitoramento Pela Frequência Escolar,Não,Sim,Sim,Sim,Não,Sim,Sim,20,Não,Psicólogo(a);Assistente Social;Fonoaudiólogo(a),Sim,Sim,Não se aplica porque a Escola já possui transporte escolar,15 ALUNOS,Não,Não se aplica,Não se aplica porque a Escola não possui alunos que necessitam do transporte escolar especial,0,Não se aplica porque a Escola não possui alunos que necessitam do transporte escolar especial,Não,Não se aplica porque não ha carência de professores na Escola,Sim,Sim,Sim,Sim,Sim,Sim,Sim,Não,Não se aplica,Sim,Sim,Sim,Bimestral,Não,Não,Sim,"Festas escolares (dia das mães, páscoa, festa junina, natal);projetos de leitura;semana da cultura ou das artes","2023 nota 3,5",Não se aplica,"0,88 REFERNTE AO DE 2023 12 REPROVAÇÃO",Não se aplica,Sim,Sim,Completo,Não,Não se aplica porque a Escola não possui Conselho de Classe,Não se aplica porque a Escola não possui Conselho de Classe,Não,Não,Sim,Sim,Não,Sim,Sim,Sim,Sim,Não,Não,PDDE Básico;PDDE Qualidade;Educação Conectada,Sim,Sim,Não,Não se aplica,Sim,2025,Sim,Sim,Sim,Não,Não se aplica,"Promover ações que viabilizem o bom andamento e participação da escola, bem como atividades que permeam a participação com todos os envolvidos no processo de ensino e aprendizagem",Sim,"Promover ações que viabilizem o bom andamento e participação da escola, bem como atividades que permeam a participação com todos os envolvidos no processo de ensino e aprendizagem"
18/11/2025 04:53:46,ESCOLA MUNICIPAL CRECHE MARIA DO CARMO,Rua Octávio Lima S\N Piquiri R\N,84988149357,crechemmcarmo@gmail.com,crechemariadocarmo_,Maria Isabel Leopoldino De Andrade,Não Se Aplica,Municipal,Educação Infantil,Matutino;Vespertino,Canguaretama,Porte III,248A,14,07 salas de Aula,"Sim, em todos os turnos de funcionamento da Escola",Não,Sim,Não,Não se aplica porque não ocorreu reforma/manutenção,Não,Sim,Sim,Todas as salas de aula com ventiladores,Trifásica,Não,Não,Não se aplica porque a Escola não possui quadra poliesportiva,Não,Não,Não se aplica,Não,Não se aplica,Não,Não se aplica porque a Escola não possui biblioteca/sala de leitura,Não se aplica porque a Escola não possui biblioteca/sala de leitura,Não,Nã li q El nã i lbói infái,Não se aplica porque a Escola não possui laboratório de informática,Não se aplica porque a Escola não possui laboratório de informática,Não se aplica porque a Escola não possui laboratório de informática,Não,Não,Não se aplica porque a Escola não possui internet,Não,Não se aplica porque a Escola não possui laboratório de ciências,Não se aplica porque a Escola não possui laboratório de ciências,Não se aplica porque a Escola não possui laboratório de ciências,Sim,Não,Sim,Sim,todos estão em perfeito estado/não está faltando nada,Sim,Sim,Sim,Apenas lanche,Sim,Sim,Controle semanal realizado pelo gestor escolar,Não,Armários;Birôs;Cadeiras;Mesas;Mesas E Cadeiras De Refeitório;Estantes Para Livros / Armários De Armazenamento Para Material Pedagógico;Produtos Tecnológicos (Como Lousa Digital Ou Projetor);Móveis Para Secretaria Ou Direção;Equipamentos Para Sala Dos Professores;Equipamentos Para Biblioteca,Sim,Sim,Não,Não se aplica,Sim,Sim,Não,Sim,Não,Sim,Sim,53,Não,Professor de educação especializada/AEE;Psicólogo(a);Assistente Social;Fonoaudiólogo(a);Terapeuta Ocupacional;Os profissionais são suficientes / A escola já possui acompanhante para alunos com laudo,Sim,Sim,Não se aplica porque a Escola já possui transporte escolar,12,Sim,3 alunos,Todos os alunos nessa situação são atendidos,0,Sim,Não,Não se aplica porque não ha carência de professores na Escola,Sim,Sim,Sim,Sim,Sim,Sim,Sim,Não,Não se aplica,Sim,Sim,Sim,Bimestral,Sim,Sim,Sim,"Festas escolares (dia das mães, páscoa, festa junina, natal);projetos de leitura;apresentações artísticas (teatro, dança, música);semana da cultura ou das artes;atividades ambientais (trilhas, hortas, campanhas);aulas de campo",Não se aplica,Não se aplica,0,Não,Sim,Não,Não se aplica porque a Escola não possui Conselho Escolar,Não,Não se aplica porque a Escola não possui Conselho de Classe,Não se aplica porque a Escola não possui Conselho de Classe,Não,Não,Sim,Sim,Não,Sim,Sim,Sim,Não,Não,Não,PDDE Básico;PDDE Qualidade;Educação Conectada,Sim,Sim,Não,Não se aplica,Não,Não se aplica,Sim,Sim,Sim,Não,Não se aplica,O meu objetivo quanto gestora escolar é poder conseguir conciliar família e a escola para conseguirmos dar uma boa educação para nossas crianças e garantindo um futuro de qualidade.,Sim,É preciso juntamente com a equipe escolar planejarmos para podermos desenvolver com a participação de todos para planejar um projeto.
24/11/2025 10:25:34,ESCOLA MUNICIPAL JOSÉ PEREIRA DA SILVA DE ENSINO BÁSICO EM TEMPO INTEGRAL,Conjunto Joana D’Arc,84 99438-7037,izadani2015@hotmail.com,e.m.jopes_piquiri,Iza Danielly Da Silva,Não Se Aplica,Municipal,1º ao 5º ano do Ensino Fundamental,Matutino;Vespertino,Canguaretama,Porte I,112,5 e Tepo Inegl,5,"Sim, em todos os turnos de funcionamento da Escola",Sim,Não,Sim,2025;2024,Sim,Sim,Sim,Todas as salas de aula com ar condicionado,Trifásica,Sim,Não,Não se aplica porque a Escola não possui quadra poliesportiva,Sim,Sim,Queimada;karatê,Sim,Quadra/pátio da escola,Não,Não se aplica porque a Escola não possui biblioteca/sala de leitura,Não se aplica porque a Escola não possui biblioteca/sala de leitura,Não,Nã li q El nã i lbói infái,Não se aplica porque a Escola não possui laboratório de informática,Não se aplica porque a Escola não possui laboratório de informática,Não se aplica porque a Escola não possui laboratório de informática,Sim,Não,Satisfatória,Não,Não se aplica porque a Escola não possui laboratório de ciências,Não se aplica porque a Escola não possui laboratório de ciências,Não se aplica porque a Escola não possui laboratório de ciências,Não,Não se aplica porque a Escola não possui refeitório,Sim,Sim,todos estão em perfeito estado/não está faltando nada,Sim,Sim,Sim,2 lanches e 1 almoço,Sim,Sim,"Controle realizado em planilhas (entrada e saída de produtos);controle feito diariamente durante a preparação da merenda;controle semanal realizado pelo gestor escolar;recebimento semanal de alimentos, armazenados na escola",Sim,Não se aplica,Sim,Sim,Não,Não se aplica,Não,Não,Sim,Sim,Não,Sim,Sim,15,Sim,Professor de educação especializada/AEE;Profissional de Apoio (Cuidador),Sim,Sim,Não,5,Não,0,Não se aplica porque a Escola não possui alunos que necessitam do transporte escolar especial,0,Sim,Não,Não se aplica porque não ha carência de professores na Escola,Sim,Sim,Sim,Sim,Sim,Sim,Sim,Sim,"Porte da escola (pequeno, médio, grande porte);quantidade de alunos;processo seletivo para diretores escolares",Sim,Sim,Sim,Bimestral,Sim,Sim,Sim,"Festas escolares (dia das mães, páscoa, festa junina, natal);gincanas culturais ou solidárias;feiras culturais;mostras literárias / feiras do livro;aulas de campo",4.3,533,0,Não,Sim,Sim,Completo,Não,Não se aplica porque a Escola não possui Conselho de Classe,Não se aplica porque a Escola não possui Conselho de Classe,Não,Não,Sim,Sim,Não,Sim,Sim,Sim,Não,Sim,Sim,PDDE Básico;PDDE Qualidade;PDDE Interativo;Educação Conectada,Sim,Sim,Não,Não se aplica,Não,Não se aplica,Sim,Sim,Sim,Sim,Alfabetizar a criança na idade certa,"Sempre fazendo o melhor, para que a cada ano nosso índice de aprendizado seja positivo",Sim,"Fazer sempre um trabalho junto com a família, para que possamos ter bons resultados"
24/11/2025 10:53:26,E.M 16 DE JULHO,Av: João Gomes De Torres N°637,84991256860,luciahelenafiras@hotmail.com,sim (16 dejulho oficial),Lucia Helena Firas Rafael,Não,Municipal,1º ao 5º ano do Ensino Fundamental,Matutino;Vespertino,Canguaretama,Porte II,198,04 nhã 06 de,06 salas,"Sim, apenas em parte dos turnos de funcionamento da Escola",Sim,Sim,Sim,2024,Sim,Sim,Sim,Todas as salas de aula com ar condicionado,Trifásica,Sim,Não,Não se aplica porque a Escola não possui quadra poliesportiva,Não,Sim,Queimada;⁸,Sim,"Espaços cedidos (campo de areia, campo de futebol, entre outros);",Sim,Sim,Sim,Não,Nã li q El nã i lbói infái,Não,Não se aplica porque a Escola não possui laboratório de informática,Não se aplica porque a Escola não possui laboratório de informática,Sim,Não,Satisfatória,Não,Não se aplica porque a Escola não possui laboratório de ciências,Não se aplica porque a Escola não possui laboratório de ciências,Não se aplica porque a Escola não possui laboratório de ciências,Sim,Sim,Sim,Sim,freezer;geladeira;fogão;armário;todos estão em perfeito estado/não está faltando nada,Sim,Sim,Sim,1 lanche por turno,Sim,Sim,"Controle feito manualmente em caderno ou ficha de controle;controle feito diariamente durante a preparação da merenda;controle semanal realizado pelo gestor escolar;controle supervisionado pela secretaria municipal de educação;verificação da qualidade e quantidade no momento do recebimento;existe local de armazenamento e registro das entradas e saídas;recebimento semanal de alimentos, armazenados na escola",Não,Armários;Estantes Para Livros / Armários De Armazenamento Para Material Pedagógico;Móveis Para Secretaria Ou Direção,Sim,Sim,Não,Busca Ativa Escolar;Contato Com Pais Ou Responsáveis;Reuniões Com A Família;Acompanhamento Individualizado Dos Alunos;Reuniões De Gestão Sobre Evasão,Sim,Sim,Sim,Sim,Não,Sim,Sim,2505qr.,Sim,Profissional de Apoio (Cuidador);Os profissionais são suficientes / A escola já possui acompanhante para alunos com laudo,Sim,Sim,Não,Zerpe 01,Não,Nenhum,Todos os alunos nessa situação são atendidos,Zero,Sim,Não,Não se aplica porque não ha carência de professores na Escola,Sim,Sim,Sim,Sim,Sim,Sim,Sim,Não,"Porte da escola (pequeno, médio, grande porte);quantidade de alunos",Sim,Sim,Sim,Bimestral,Sim,Sim,Sim,"Festas escolares (dia das mães, páscoa, festa junina, natal);atividades esportivas (jogos, torneios, olimpíadas);aulas de campo;visitas pedagógicas","5,3","Nota 8,3",Aproximadamente 7%,Não,Sim,Sim,Completo,Não,Não se aplica porque a Escola não possui Conselho de Classe,Não se aplica porque a Escola não possui Conselho de Classe,Não,Não,Sim,Sim,Não,Sim,Sim,Não,Não,Sim,Não,PDDE Básico;PDDE Qualidade,Sim,Sim,Não,Não se aplica,Não,Não se aplica,Sim,Não,Sim,Sim,Atividades ludicas no processo de letramento das crianças.,Contribuir para o desenvolvimento do processo de aprendizagem das crianças e diminuir o índice de repetencia na escola.,Sim,"Colocar em funcionamento a biblioteca da escola, aberta a comunidade."
25/11/2025 07:01:38,ESCOLA MUNICPAL JOSÉ DE ALBUQUERQUE MARANHÃO,"Rua Cicero Valdevino Pinheiro, Catu Da Estrada, Canguretama/Rn",84 981687661,antonio.silva754@yahoo.com.br,intragram @jdealbuquerquemaranhao,Antonio Da Silva,Não Se Aplica,Municipal,Educação Infantil;1º ao 5º ano do Ensino Fundamental,Matutino;Vespertino,Canguaretama,Porte I,28,3,3,"Sim, apenas em parte dos turnos de funcionamento da Escola",Sim,Sim,Sim,2025,Não,Sim,Sim,Todas as salas de aula com ventiladores,Monofásica,Não sei informar,Não,Não se aplica porque a Escola não possui quadra poliesportiva,Sim,Não,Não se aplica,Sim,Propria escola,Não,Não se aplica porque a Escola não possui biblioteca/sala de leitura,Não se aplica porque a Escola não possui biblioteca/sala de leitura,Não,Nã li q El nã i lbói infái,Não se aplica porque a Escola não possui laboratório de informática,Não se aplica porque a Escola não possui laboratório de informática,Não se aplica porque a Escola não possui laboratório de informática,Sim,Não,Regular,Não,Não se aplica porque a Escola não possui laboratório de ciências,Não se aplica porque a Escola não possui laboratório de ciências,Não se aplica porque a Escola não possui laboratório de ciências,Não,Não se aplica porque a Escola não possui refeitório,Sim,Não,microondas;armário;processador/multiprocessador;liquidificador;batedeira;prateleiras,Não,Sim,Sim,1 lanche e 1 almoço,Sim,Sim,Controle semanal realizado pelo gestor escolar,Sim,Não se aplica,Sim,Sim,Não,Não se aplica,Não,Não,Não,Sim,Não,Sim,Sim,1,Sim,Os profissionais são suficientes / A escola já possui acompanhante para alunos com laudo,Não,Não se aplica porque a Escola não utiliza transporte escolar,Não,0,Não,0,Não se aplica porque a Escola não possui alunos que necessitam do transporte escolar especial,0,Não se aplica porque a Escola não possui alunos que necessitam do transporte escolar especial,Não,Não se aplica porque não ha carência de professores na Escola,Sim,Não,Sim,Não,Sim,Sim,Sim,Sim,"Porte da escola (pequeno, médio, grande porte)",Sim,Sim,Sim,Bimestral,Sim,Sim,Sim,"Festas escolares (dia das mães, páscoa, festa junina, natal);apresentações artísticas (teatro, dança, música)",Não se aplica,Não se aplica,0,Não,Sim,Sim,Completo,Não,Não se aplica porque a Escola não possui Conselho de Classe,Não se aplica porque a Escola não possui Conselho de Classe,Não,Não,Sim,Sim,Sim,Sim,Sim,Não,Não,Sim,Não,PDDE Básico;PDDE Qualidade;Educação Conectada,Sim,Sim,Não,Não se aplica,Não,Não se aplica,Sim,Sim,Não,Sim,Projeto de leitura publicado pelo MEC em 2025,Garantir uma gestão democrática para o pleno desenvolvimento de todos os agentes envolvidos no processo educacional,Sim,Implantação do fundamental ii
25/11/2025 08:22:36,ESCOLA MUNICIPAL HOMERO HOMEM,Rua Vereador Francisco Manoel Do Nascimento,84991934405,betasilva55@hotmail.com,e.m.homerohomem,Maria Elizabeth De Lima Silva,Não Se Aplica,Municipal,1º ao 5º ano do Ensino Fundamental;EJA,Matutino;Vespertino;Noturno,Canguaretama,Porte II,153,Sei,Cinco salas,"Sim, em todos os turnos de funcionamento da Escola",Sim,Sim,Não,Não se aplica porque não ocorreu reforma/manutenção,Sim,Sim,Sim,Todas as salas de aula com ar condicionado,Trifásica,Sim,Não,Não se aplica porque a Escola não possui quadra poliesportiva,Não,Não,Não se aplica,Sim,Quadra/pátio da escola,Sim,Sim,Sim,Não,Nã li q El nã i lbói infái,Não se aplica porque a Escola não possui laboratório de informática,Não se aplica porque a Escola não possui laboratório de informática,Não se aplica porque a Escola não possui laboratório de informática,Sim,Não,Satisfatória,Não,Não se aplica porque a Escola não possui laboratório de ciências,Não se aplica porque a Escola não possui laboratório de ciências,Não se aplica porque a Escola não possui laboratório de ciências,Sim,Sim,Sim,Não,microondas;processador/multiprocessador;batedeira;exaustor;mesa de preparo;prateleiras,Sim,Sim,Sim,Mais de 3 refeições,Sim,Sim,"Controle feito manualmente em caderno ou ficha de controle;controle feito diariamente durante a preparação da merenda;controle supervisionado pela secretaria municipal de educação;controle feito pelas merendeiras;verificação da qualidade e quantidade no momento do recebimento;recebimento semanal de alimentos, armazenados na escola",Sim,Não se aplica,Sim,Sim,Não,Não se aplica,Não,Não,Sim,Sim,Não,Sim,Sim,14,Sim,Os profissionais são suficientes / A escola já possui acompanhante para alunos com laudo,Sim,Sim,Não se aplica porque a Escola já possui transporte escolar,20,Não,0,Não se aplica porque a Escola não possui alunos que necessitam do transporte escolar especial,0,Sim,Não,Não se aplica porque não ha carência de professores na Escola,Sim,Sim,Sim,Sim,Sim,Sim,Sim,Não,Não se aplica,Sim,Sim,Sim,Mensal,Sim,Sim,Sim,"Festas escolares (dia das mães, páscoa, festa junina, natal);mostras literárias / feiras do livro;projetos de leitura;apresentações artísticas (teatro, dança, música);semana da cultura ou das artes;atividades ambientais (trilhas, hortas, campanhas);aulas de campo","4,5",538,"1,28%",Não,Sim,Sim,Completo,Sim,Sim,Completo,Não,Não,Sim,Sim,Não,Sim,Sim,Sim,Não,Não,Não,PDDE Básico;PDDE Qualidade;PDDE Interativo;PDDE Família na Escola;Educação Conectada,Sim,Sim,Sim,Dificuldade em separar custeio de capital,Não,Não se aplica,Sim,Sim,Sim,Não,Não se aplica,"Melhoria no índice de aprovação, e busca na melhoria da alfabetização de forma geral.",Não,Não se aplica
25/11/2025 08:36:12,ESCOLA MUNICIPAL DR ABELARDO CALAFANGE,"Conjunto Meira Lima Quadra "" E""",84992203234,pm717658@gmail.com,escola municipal dr abelardo calafange emdrac,Patrícia Marinho De Carvalho,Não Se Aplica,Municipal,Educação Infantil;1º ao 5º ano do Ensino Fundamental,Matutino;Vespertino,Canguaretama,Porte I,178,10,5,"Sim, em todos os turnos de funcionamento da Escola",Sim,Sim,Sim,2024;2023,Não,Sim,Sim,Todas as salas de aula com ventiladores,Monofásica,Sim,Não,Não se aplica porque a Escola não possui quadra poliesportiva,Não,Sim,Futebol masculino;futebol feminino;não se aplica,Sim,Quadra do bairro,Sim,Sim,Sim,Não,Nã li q El nã i lbói infái,Não se aplica porque a Escola não possui laboratório de informática,Não se aplica porque a Escola não possui laboratório de informática,Não se aplica porque a Escola não possui laboratório de informática,Sim,Não,Satisfatória,Não,Não se aplica porque a Escola não possui laboratório de ciências,Não se aplica porque a Escola não possui laboratório de ciências,Não se aplica porque a Escola não possui laboratório de ciências,Não,Não se aplica porque a Escola não possui refeitório,Sim,Não,microondas;exaustor,Sim,Sim,Sim,1 lanche por turno,Sim,Sim,"Por orientação do órgão responsável (drae ou secretaria de educação);recebimento semanal de alimentos, armazenados na escola",Sim,Não se aplica,Sim,Não,Não,Não se aplica,Não,Não,Não,Sim,Não,Sim,Sim,12,Sim,Os profissionais são suficientes / A escola já possui acompanhante para alunos com laudo,Sim,Sim,Não se aplica porque a Escola já possui transporte escolar,152,Não,0,Não se aplica porque a Escola não possui alunos que necessitam do transporte escolar especial,0,Sim,Não,Não se aplica porque não ha carência de professores na Escola,Sim,Sim,Sim,Sim,Sim,Sim,Sim,Não,Não se aplica,Sim,Sim,Sim,Bimestral,Sim,Sim,Sim,"Festas escolares (dia das mães, páscoa, festa junina, natal);mostras literárias / feiras do livro;projetos de leitura;apresentações artísticas (teatro, dança, música);semana da cultura ou das artes",4.7,233,2%,Nao,Sim,Sim,Completo,Sim,Sim,Completo,Não,Não,Sim,Sim,Não,Sim,Sim,Sim,Sim,Sim,Sim,PDDE Básico;PDDE Qualidade;PDDE Interativo,Não,Sim,Não,Não se aplica,Não,Não se aplica,Sim,Sim,Sim,Não,Não se aplica,"Aumenta o ideb, simais,e todas avaliação fecha com 100% de participação de todos os alunos",Sim,"Comunidade, família e escola juntos vamos fazer a diferença para o bem está dos alunos"
25/11/2025 10:10:10,JARDIM DE INFÂNCIA CRIANÇA FELIZ,"Rua Getulio Vargas, 230",84 991537882,mfatinhagj@gmail.com jardim,jardim de infância criança feliz,María De Fátima Guilhermino,Não Se Aplica,Municipal,Educação Infantil,Matutino;Vespertino,Canguaretama,Porte I,180,12,6,"Sim, em todos os turnos de funcionamento da Escola",Não,Sim,Não,Não se aplica porque não ocorreu reforma/manutenção,Sim,Sim,Sim,Todas as salas de aula com ar condicionado,Trifásica,Sim,Não,Não se aplica porque a Escola não possui quadra poliesportiva,Sim,Não,Não se aplica,Não,Não se aplica,Não,Não se aplica porque a Escola não possui biblioteca/sala de leitura,Não se aplica porque a Escola não possui biblioteca/sala de leitura,Não,Nã li q El nã i lbói infái,Não se aplica porque a Escola não possui laboratório de informática,Não se aplica porque a Escola não possui laboratório de informática,Não se aplica porque a Escola não possui laboratório de informática,Sim,Sim,Satisfatória,Não,Não se aplica porque a Escola não possui laboratório de ciências,Não se aplica porque a Escola não possui laboratório de ciências,Não se aplica porque a Escola não possui laboratório de ciências,Não,Não se aplica porque a Escola não possui refeitório,Sim,Sim,exaustor;não se aplica porque a escola não possui cozinha,Sim,Sim,Sim,Apenas lanche,Sim,Sim,"Por orientação do órgão responsável (drae ou secretaria de educação);recebimento semanal de alimentos, armazenados na escola",Sim,"Conjunto Professor (Mesa, Cadeira E Armário);Mesas E Cadeiras De Refeitório;Equipamentos Para Sala Dos Professores",Não,Não,Não,Não se aplica,Sim,Sim,Não,Sim,Não,Sim,Não,0,Sim,Os profissionais são suficientes / A escola já possui acompanhante para alunos com laudo,Sim,Sim,Não se aplica porque a Escola já possui transporte escolar,0,Não,0,Não se aplica porque a Escola não possui alunos que necessitam do transporte escolar especial,0,Sim,Não,Não se aplica porque não ha carência de professores na Escola,Sim,Sim,Sim,Sim,Sim,Sim,Sim,Não,Não se aplica,Sim,Sim,Sim,Mensal,Sim,Sim,Sim,Não se aplica,Não se aplica,Não se aplica,Não se aplica,Não se aplica,Sim,Sim,Possui vacância,Sim,Não,Possui vacância,Não,Não,Não,Sim,Não,Sim,Sim,Sim,Não,Sim,Não,PDDE Básico;PDDE Qualidade;PDDE Interativo;Educação Conectada,Sim,Sim,Não,Não se aplica,Não,Não se aplica,Sim,Não,Sim,Sim,Projeto de alimentação saudável,Uma escola renova,Sim,Interagir
25/11/2025 17:59:12,ESCOLA MUNICIPAL MOZART CALAFANGE,Rn 269 Estrada Da Barra De Cunhaú Cercado Grande,84 994545002,emmozartcalafange@gmail.com,@emmc.mozart,Joao Maria Da Silva,Não,Municipal,Educação Infantil;1º ao 5º ano do Ensino Fundamental,Matutino;Vespertino,Canguaretama,Porte V,70,4 (2 ed infnil e d do 1° o 5° no inegl),4,"Sim, em todos os turnos de funcionamento da Escola",Sim,Não,Sim,2025,Sim,Sim,Sim,Todas as salas de aula com ar condicionado,Trifásica,Sim,Não,Não se aplica porque a Escola não possui quadra poliesportiva,Sim,Sim,Capoeira;queimada;a escola é de tempo integral é ofertada na atividade de movimento,Não,Não se aplica;a é de tempo integral oferta outra atividades no contra turno,Sim,Sim,Sim,Não,Nã li q El nã i lbói infái,Não se aplica porque a Escola não possui laboratório de informática,Não se aplica porque a Escola não possui laboratório de informática,Não se aplica porque a Escola não possui laboratório de informática,Sim,Não,Satisfatória,Não,Não se aplica porque a Escola não possui laboratório de ciências,Não se aplica porque a Escola não possui laboratório de ciências,Não se aplica porque a Escola não possui laboratório de ciências,Sim,Sim,Sim,Não,utensílios de cozinha;a escola esta em reforma e vamos receber material para cozinha,Sim,Sim,Sim,2 lanches e 1 almoço,Sim,Sim,"Controle feito diariamente durante a preparação da merenda;controle semanal realizado pelo gestor escolar;verificação da qualidade e quantidade no momento do recebimento;recebimento semanal de alimentos, armazenados na escola",Sim,A Escola Vai Ser Equipada Com Todos Materiais Novos,Sim,Sim,Não,Busca Ativa Escolar;Contato Com Pais Ou Responsáveis;Visitas Domiciliares;Reuniões Com A Família;Neste Sentido Quando Falta Procuramos Saber O Por Que Faltou,Não,Sim,Não,Sim,Não,Sim,Sim,6,Sim,os alunos com NEE são encaminhado para o espaço singular,Sim,Sim,Não se aplica porque a Escola já possui transporte escolar,70,Não,0,Não se aplica porque a Escola não possui alunos que necessitam do transporte escolar especial,0,Sim,Não,Não se aplica porque não ha carência de professores na Escola,Sim,Não,Sim,Sim,Não,Sim,Sim,Sim,"Porte da escola (pequeno, médio, grande porte);quantidade de alunos;classificação pelo plano de carreira municipal",Sim,Sim,Sim,Bimestral,Não,Sim,Sim,"Festas escolares (dia das mães, páscoa, festa junina, natal);apresentações artísticas (teatro, dança, música);aulas de campo;visitas pedagógicas",Não se aplica por nao ter alunos do 5° ano suficiente,Não se aplica por nao ter alunos suficiente,"0,1%",Remota quando ha nececidadess/ atividades para casa,Não,Não se aplica porque a Escola não possui Conselho Escolar,Não se aplica porque a Escola não possui Conselho Escolar,Não,Não se aplica porque a Escola não possui Conselho de Classe,Não se aplica porque a Escola não possui Conselho de Classe,Não,Não,Sim,Sim,Não,Sim,Sim,Não,Não,Sim,Sim,PDDE Básico;PDDE Qualidade;PDDE Interativo;Educação Conectada,Sim,Sim,Não,"Não se aplica""",Não,"Não se aplica""",Sim,Não,Sim,Sim,"participação do programa compromisso nacional ( caed, parc)","Manter o bom funcionamento da escola, incentivar, motivar e inspirar a equipe e os alunos, garantindo a qualidade de ensino e aprendizagens",Sim,Participação da família e a comunidade pois ainda é pouca a participação
26/11/2025 05:11:48,ESCOLA MUNICIPAL FIRMINO ANTÔNIO DE CARVALHO,Sítio Jiqui De João Gomes,84 98746-4917,macenajosiane26@gmail.com,@emfac23-instagram,Josiane Macena Da Cruz Ferreira,Não Se Aplica,Municipal,Educação Infantil;1º ao 5º ano do Ensino Fundamental,Matutino;Vespertino,Canguaretama,Porte I,132,9,5,"Sim, apenas em parte dos turnos de funcionamento da Escola",Não,Sim,Sim,2021,Sim,Sim,Sim,Todas as salas de aula com ventiladores,Trifásica,Sim,Não,Não se aplica porque a Escola não possui quadra poliesportiva,Não,Não,Não se aplica,Sim,Quadra/pátio da escola,Não,Não se aplica porque a Escola não possui biblioteca/sala de leitura,Não se aplica porque a Escola não possui biblioteca/sala de leitura,Não,Nã li q El nã i lbói infái,Não se aplica porque a Escola não possui laboratório de informática,Não se aplica porque a Escola não possui laboratório de informática,Não se aplica porque a Escola não possui laboratório de informática,Sim,Não,Satisfatória,Não,Não se aplica porque a Escola não possui laboratório de ciências,Não se aplica porque a Escola não possui laboratório de ciências,Não se aplica porque a Escola não possui laboratório de ciências,Não,Não se aplica porque a Escola não possui refeitório,Sim,Não,armário;processador/multiprocessador;batedeira;exaustor;mesa de preparo;prateleiras,Sim,Sim,Sim,1 lanche e 1 almoço,Sim,Sim,"Controle feito diariamente durante a preparação da merenda;controle semanal realizado pelo gestor escolar;controle feito pelas merendeiras;verificação da qualidade e quantidade no momento do recebimento;controle realizado por cardápio e valores de insumos utilizados;recebimento semanal de alimentos, armazenados na escola",Não,Armários;Mesas;Mesas E Cadeiras De Refeitório;Estantes Para Livros / Armários De Armazenamento Para Material Pedagógico;Móveis Para Secretaria Ou Direção;Equipamentos Para Sala Dos Professores;Equipamentos Para Biblioteca,Não,Sim,Não,Não se aplica,Não,Não,Não,Sim,Não,Sim,Sim,14,Não,Professor de educação especializada/AEE;Professor da Sala de Recursos Multifuncionais (SRM);Profissional de Apoio (Cuidador);Psicólogo(a);Assistente Social;Fonoaudiólogo(a);Terapeuta Ocupacional,Sim,Sim,Não se aplica porque a Escola já possui transporte escolar,17,Não,17 alunos,Não se aplica porque a Escola não possui alunos que necessitam do transporte escolar especial,Zero,Sim,Sim,Efetivos,Sim,Não,Sim,Sim,Sim,Sim,Sim,Não,Não se aplica,Sim,Sim,Sim,Bimestral,Sim,Sim,Sim,"Festas escolares (dia das mães, páscoa, festa junina, natal);projetos de leitura;apresentações artísticas (teatro, dança, música);atividades ambientais (trilhas, hortas, campanhas);aulas de campo",3.7,Português- 473 matemática - 458,"5,1",Não,Sim,Sim,Completo,Não,Não se aplica porque a Escola não possui Conselho de Classe,Não se aplica porque a Escola não possui Conselho de Classe,Não,Não,Sim,Sim,Não,Sim,Sim,Não,Não,Não,Sim,PDDE Básico;PDDE Interativo;Educação Conectada,Sim,Sim,Não,Não,Não,Não se aplica,Sim,Sim,Sim,Sim,"A criação da horta escolar surgiu como uma proposta inovadora para aproximar as crianças da natureza e promover aprendizagens significativas. Toda a escola participou desde o preparo do solo até o plantio das sementes, vivendo momentos de descoberta, cooperação e entusiasmo. As crianças aprenderam na prática sobre o ciclo das plantas, a importância da água, do sol e dos cuidados diários. A horta tornou-se um verdadeiro laboratório vivo, integrando conteúdos de ciências, alimentação saudável e sustentabilidade. Cada broto que surgia era motivo de alegria e motivação. Com as primeiras colheitas, os alunos experimentaram novos alimentos e compreenderam o valor de uma alimentação natural. O projeto fortaleceu vínculos, estimulou a responsabilidade e mostrou que, quando cuidamos juntos, tudo floresce. Hoje, a horta representa crescimento, cuidado e esperança, sendo um espaço de aprendizagem e convivência para toda a comunidade escolar.","Promover um ambiente escolar acolhedor, seguro e afetivo, onde cada criança se sinta valorizada, respeitada e estimulada a aprender. como diretora, busco fortalecer vínculos, garantir que todas tenham voz, desenvolver práticas pedagógicas humanizadas e oferecer experiências que favoreçam o desenvolvimento integral, o bem-estar emocional e a alegria de estar na escola todos os dias.",Sim,"Identificar a necessidade que motivou o projeto e compreender o que as crianças e a escola realmente precisam. definir o objetivo geral e os objetivos específicos, para orientar cada etapa do trabalho. organizar as ações e a metodologia, detalhando o que será feito, como será feito e quem irá participar. envolver a equipe escolar, garantindo a participação dos professores, apoio pedagógico e demais colaboradores. mobilizar a comunidade escolar, incluindo as famílias, quando necessário. preparar os recursos materiais e espaços físicos que serão utilizados nas atividades. estabelecer um cronograma, determinando os períodos de execução de cada ação. realizar acompanhamento e registros, observando a participação e o desenvolvimento das crianças. avaliar os resultados, verificando se o projeto alcançou seus objetivos e o que pode ser aprimorado."
26/11/2025 07:58:52,E.M. CRECHE CANGUARETAMA,Conjunto Habitacional Abel Vieira,84994860848,gastoniaferreira@gmail.com,instagram - creche900,Gastonia Da Silva Ferreira Gomes,Não Se Aplica,Municipal,Educação Infantil,Matutino;Vespertino,Canguaretama,Porte I,165,10 TURMAS,05,"Sim, em todos os turnos de funcionamento da Escola",Sim,Sim,Sim,2025;2024;2023,Sim,Sim,Sim,Todas as salas de aula com ventiladores,Trifásica,Sim,Não,Não se aplica porque a Escola não possui quadra poliesportiva,Sim,Não,Não se aplica,Não,Não se aplica,Não,Não se aplica porque a Escola não possui biblioteca/sala de leitura,Não se aplica porque a Escola não possui biblioteca/sala de leitura,Não,Nã li q El nã i lbói infái,Não se aplica porque a Escola não possui laboratório de informática,Não se aplica porque a Escola não possui laboratório de informática,Não se aplica porque a Escola não possui laboratório de informática,Sim,Não,Satisfatória,Não,Não se aplica porque a Escola não possui laboratório de ciências,Não se aplica porque a Escola não possui laboratório de ciências,Não se aplica porque a Escola não possui laboratório de ciências,Não,Não se aplica porque a Escola não possui refeitório,Sim,Sim,processador/multiprocessador;batedeira;prateleiras,Não,Sim,Sim,Apenas lanche,Sim,Sim,"Controle feito diariamente durante a preparação da merenda;controle realizado por cardápio e valores de insumos utilizados;recebimento semanal de alimentos, armazenados na escola",Não,Armários;Lousa Para Sala De Aula;Estantes Para Livros / Armários De Armazenamento Para Material Pedagógico,Sim,Não,Não,Não se aplica,Sim,Sim,Não,Sim,Não,Sim,Sim,13,Não,Professor de educação especializada/AEE;Psicólogo(a);Fonoaudiólogo(a);Terapeuta Ocupacional,Sim,Sim,Sim,49,Não,0,Não se aplica porque a Escola não possui alunos que necessitam do transporte escolar especial,0,Sim,Não,Não se aplica porque não ha carência de professores na Escola,Sim,Sim,Sim,Sim,Sim,Sim,Sim,Sim,"Porte da escola (pequeno, médio, grande porte);quantidade de alunos;processo seletivo para diretores escolares",Sim,Sim,Sim,Bimestral,Sim,Sim,Sim,"Festas escolares (dia das mães, páscoa, festa junina, natal);projetos de leitura;apresentações artísticas (teatro, dança, música);semana da cultura ou das artes;visitas pedagógicas",Não se aplica,Não se aplica,Não se aplica,Não,Sim,Sim,Completo,Não,Não se aplica porque a Escola não possui Conselho de Classe,Não se aplica porque a Escola não possui Conselho de Classe,Não,Não,Sim,Sim,Não,Sim,Sim,Sim,Não,Não,Não,PDDE Básico;PDDE Qualidade;Educação Conectada,Sim,Sim,Não,Não se aplica,Não,Não se aplica,Sim,Sim,Sim,Não,Não se aplica,"Liderar democraticamente, coordenar e conduzir o trabalho coletivo e colaborativo para garantir a qualidade do ensino e da aprendizagem dos estudantes em todos os aspectos de seu desenvolvimento",Sim,Pessoas especializadas na área para poder dar o suporte desejado.
26/11/2025 09:38:06,ESCOLA MUNICIPAL INDIGENA JOAO LINO DA SILVA,Sitio Catu,84992225393,mariavaldaarcanjo@gmail.com,facebook,Valda Maria Arcanjo Da Silva,Não Se Aplica,Municipal,Educação Infantil;1º ao 5º ano do Ensino Fundamental,Matutino;Vespertino,Canguaretama,Porte I,39,3,4,"Sim, apenas em parte dos turnos de funcionamento da Escola",Não,Sim,Não,Não se aplica porque não ocorreu reforma/manutenção,Não,Sim,Sim,"Apenas parte das salas de aula possui ventiladores, a outra parte nada",Monofásica,Sim,Não,Não se aplica porque a Escola não possui quadra poliesportiva,Não,Não,Não se aplica,Não,Não se aplica,Sim,Não,Sim,Não,Nã li q El nã i lbói infái,Não se aplica porque a Escola não possui laboratório de informática,Não se aplica porque a Escola não possui laboratório de informática,Não se aplica porque a Escola não possui laboratório de informática,Sim,Sim,Regular,Não,Não se aplica porque a Escola não possui laboratório de ciências,Não se aplica porque a Escola não possui laboratório de ciências,Não se aplica porque a Escola não possui laboratório de ciências,Não,Não se aplica porque a Escola não possui refeitório,Sim,Não,armário;utensílios de cozinha;processador/multiprocessador;torradeira;pia;batedeira;exaustor;mesa de preparo;prateleiras,Não,Sim,Não,2 lanches e 1 almoço,Sim,Não,Não se aplica,Não,"Kit Aluno (Cadeira, Mesa E Materiais);Conjunto Professor (Mesa, Cadeira E Armário);Armários;Birôs;Lousa Para Sala De Aula;Estantes Para Livros / Armários De Armazenamento Para Material Pedagógico;Produtos Tecnológicos (Como Lousa Digital Ou Projetor);Móveis Para Secretaria Ou Direção;Equipamentos Para Sala Dos Professores;Equipamentos Para Biblioteca",Não,Sim,Não,Não se aplica,Não,Não,Não,Sim,Não,Sim,Não,0,Não se aplica porque a Escola não possui alunos com NEE,Não se aplica porque a Escola não possui alunos com NEE,Sim,Sim,Não se aplica porque a Escola já possui transporte escolar,0,Não,0,Todos os alunos nessa situação são atendidos,0,Não,Sim,Efetivos;Temporários,Sim,Sim,Sim,Não,Sim,Sim,Sim,Não,Não se aplica,Sim,Sim,Sim,Bimestral,Sim,Sim,Sim,"Festas escolares (dia das mães, páscoa, festa junina, natal);feiras culturais;apresentações artísticas (teatro, dança, música);semana da cultura ou das artes;atividades ambientais (trilhas, hortas, campanhas);aulas de campo;visitas pedagógicas",Não se aplica,Naon se aplica,0,Nao,Sim,Não,Completo,Não,Não se aplica porque a Escola não possui Conselho de Classe,Não se aplica porque a Escola não possui Conselho de Classe,Não,Sim,Sim,Sim,Não,Sim,Sim,Sim,Não,Não,Sim,PDDE Básico;PDDE Qualidade;PDDE Interativo;Educação Conectada;PNAE,Sim,Sim,Não,Não se aplica,Não,Não se aplica,Sim,Sim,Sim,Não,Não se aplica,"Administrar os recursos com responsabilidade e clareza, trabalhar com uma gestao democratica",Sim,Apoio
27/11/2025 13:39:01,ESCOLA MUNICIPAL ANTONIO DE CARVALHO FILHO,Rua Olivia De Souza,84987227932,clarissapalhano2@gmail.com,instagram @emacf_oficial,Clarissa Graziele Palhano,Não Se Aplica,Municipal,1º ao 5º ano do Ensino Fundamental,Matutino;Vespertino,Canguaretama,Porte I,110,7,4,"Sim, em todos os turnos de funcionamento da Escola",Não,Sim,Sim,2023;2022,Não,Não,Sim,Parte das salas de aula com ar condicionado e outra parte com ventiladores,Trifásica,Não,Não,Não se aplica porque a Escola não possui quadra poliesportiva,Sim,Sim,Funcional,Sim,Quadra/pátio da escola,Sim,Sim,Não,Não,Nã li q El nã i lbói infái,Não se aplica porque a Escola não possui laboratório de informática,Não se aplica porque a Escola não possui laboratório de informática,Não se aplica porque a Escola não possui laboratório de informática,Sim,Não,Satisfatória,Não,Não se aplica porque a Escola não possui laboratório de ciências,Não se aplica porque a Escola não possui laboratório de ciências,Não se aplica porque a Escola não possui laboratório de ciências,Não,Não,Sim,Não,microondas;armário;utensílios de cozinha;processador/multiprocessador;batedeira;exaustor;mesa de preparo;prateleiras,Sim,Sim,Não,1 lanche por turno,Sim,Sim,"Por orientação do órgão responsável (drae ou secretaria de educação);controle semanal realizado pelo gestor escolar;controle feito pelas merendeiras;recebimento semanal de alimentos, armazenados na escola",Não,Armários;Estantes Para Livros / Armários De Armazenamento Para Material Pedagógico;Móveis Para Secretaria Ou Direção;Equipamentos Para Sala Dos Professores,Sim,Sim,Não,Busca Ativa Escolar;Visitas Domiciliares;Reuniões Com A Família;Encaminhamento À Rede De Proteção/Ao Conselho Tutelar;Reuniões De Gestão Sobre Evasão;Monitoramento Pela Frequência Escolar,Não,Não,Não,Sim,Não,Sim,Sim,8,Sim,Professor de educação especializada/AEE;Professor da Sala de Recursos Multifuncionais (SRM),Sim,Sim,Não se aplica porque a Escola já possui transporte escolar,Em tr de 50%,Não,0,Não se aplica porque a Escola não possui alunos que necessitam do transporte escolar especial,0,Sim,Não,Não se aplica porque não ha carência de professores na Escola,Sim,Não,Sim,Sim,Sim,Sim,Sim,Sim,Processo seletivo para diretores escolares,Sim,Sim,Sim,Bimestral,Sim,Sim,Sim,"Festas escolares (dia das mães, páscoa, festa junina, natal);gincanas culturais ou solidárias;projetos de leitura;apresentações artísticas (teatro, dança, música);atividades ambientais (trilhas, hortas, campanhas)","3,9 em 2023",Proficiencia 596- distribuição dos estudantes por padrões de desempenho abaixo do básico 1 estudantes 6% básico 9 estudantes 53% proficiente 5 estudantes 29% avançado 2 estudantes 12,4%,No momento não,Sim,Sim,Completo,Sim,Sim,Completo,Não,Não,Sim,Sim,Sim,Sim,Sim,Sim,Sim,Sim,Não,PDDE Básico;PDDE Qualidade;Educação Conectada,Sim,Sim,Não,Não se aplica,Não,Não se aplica,Sim,Sim,Não,Não,Não se aplica,"Meu objetivo como diretora da emacf é assegurar uma gestão humanizada e eficaz, promovendo aprendizagem com qualidade, convivência saudável e projetos que fortaleçam a formação dos alunos e o trabalho dos profissionais da escola.",Sim,"Para o desenvolvimento do projeto desejado, é necessário planejamento organizado, participação da equipe escolar, apoio da comunidade, além de recursos básicos para execução das atividades. também é fundamental garantir acompanhamento contínuo e avaliação das ações para que o projeto alcance seus objetivos de forma eficiente."
28/11/2025 09:12:00,ESCOLA MUNICIPAL PROFWSSORA MARIA DA PAZ MOREIRA,Rua Geulio Vargas,84991043573,emmariadapazmoreira@gmail.com,e.m.prof.mariadapaz2025,Patricia Suely Cavalcanti Da Costa,Não Se Aplica,Municipal,1º ao 5º ano do Ensino Fundamental,Matutino;Vespertino,Canguaretama,Porte I,187,9,7,Não,Não,Sim,Sim,2024,Não,Sim,Sim,Todas as salas de aula com ventiladores,Monofásica,Não,Não,Não se aplica porque a Escola não possui quadra poliesportiva,Não,Não,Não se aplica,Não,Não se aplica,Sim,Sim,Sim,Não,Nã li q El nã i lbói infái,Não se aplica porque a Escola não possui laboratório de informática,Não se aplica porque a Escola não possui laboratório de informática,Não se aplica porque a Escola não possui laboratório de informática,Sim,Não,Satisfatória,Não,Não se aplica porque a Escola não possui laboratório de ciências,Não se aplica porque a Escola não possui laboratório de ciências,Não se aplica porque a Escola não possui laboratório de ciências,Não,Não se aplica porque a Escola não possui refeitório,Sim,Não,microondas;utensílios de cozinha;processador/multiprocessador;batedeira;exaustor;mesa de preparo;prateleiras,Não,Sim,Sim,1 lanche por turno,Sim,Sim,Controle feito diariamente durante a preparação da merenda;controle semanal realizado pelo gestor escolar;controle feito pelas merendeiras;verificação da qualidade e quantidade no momento do recebimento,Não,"Conjunto Professor (Mesa, Cadeira E Armário);Armários;Lousa Para Sala De Aula;Estantes Para Livros / Armários De Armazenamento Para Material Pedagógico;Produtos Tecnológicos (Como Lousa Digital Ou Projetor);Móveis Para Secretaria Ou Direção;Equipamentos Para Sala Dos Professores;Equipamentos Para Biblioteca",Sim,Não,Sim,Busca Ativa Escolar;Contato Com Pais Ou Responsáveis;Visitas Domiciliares;Reuniões Com A Família;Reuniões De Gestão Sobre Evasão;Monitoramento Pela Frequência Escolar,Não,Não,Não,Sim,"Sim, a Escola recebe menos livros que a quantidade de alunos",Não,Sim,20,Não,Professor de educação especializada/AEE;Professor da Sala de Recursos Multifuncionais (SRM);Fonoaudiólogo(a);Terapeuta Ocupacional,Sim,Sim,Não se aplica porque a Escola já possui transporte escolar,80,Sim,1,Todos os alunos nessa situação são atendidos,0,Sim,Não,Não se aplica porque não ha carência de professores na Escola,Sim,Não,Sim,Sim,Sim,Sim,Não,Não,Não se aplica,Sim,Sim,Sim,Mensal,Sim,Sim,Sim,"Festas escolares (dia das mães, páscoa, festa junina, natal)","5,0","5,0",MENOS DE 2%,Nao,Sim,Sim,Completo,Não,Não se aplica porque a Escola não possui Conselho de Classe,Não se aplica porque a Escola não possui Conselho de Classe,Não,Não,Sim,Sim,Não,Sim,Sim,Sim,Sim,Sim,Não,PDDE Básico;PDDE Qualidade;Educação Conectada,Sim,Sim,Não,Não se aplica,Não,Não se aplica,Sim,Sim,Não,Não,Não se aplica,"Garantir o bom funcionamento da escola, promovendo um ambiente seguro, acolhedor e estimulante para a aprendizagem.",Sim,O engajamento de todos os envolvidos
01/12/2025 10:15:30,ESC0LA MUNICIPAL PROFESSORA ANITA MELO,Rua Vereador Antõnio Carlos / Sn,84991297022,escolaanitamelo@gmailk.com,stagran:em.anita_melo,Juliana Martins Silva,Não Se Aplica,Municipal,1º ao 5º ano do Ensino Fundamental,Matutino;Vespertino,Canguaretama,Porte I,120,06 TURMAS,04 SALAS DE AULA,"Sim, em todos os turnos de funcionamento da Escola",Sim,Não,Sim,2025,Sim,Sim,Sim,Todas as salas de aula com ar condicionado,Trifásica,Sim,Não,Não se aplica porque a Escola não possui quadra poliesportiva,Sim,Não,Não se aplica,Sim,"Ginásio/quadra municipal;quadra/pátio da escola;espaços cedidos (campo de areia, campo de futebol, entre outros)",Sim,Sim,Não,Não,Nã li q El nã i lbói infái,Não se aplica porque a Escola não possui laboratório de informática,Não se aplica porque a Escola não possui laboratório de informática,Não se aplica porque a Escola não possui laboratório de informática,Sim,Não,Satisfatória,Não,Não se aplica porque a Escola não possui laboratório de ciências,Não se aplica porque a Escola não possui laboratório de ciências,Não se aplica porque a Escola não possui laboratório de ciências,Sim,Sim,Sim,Sim,todos estão em perfeito estado/não está faltando nada,Sim,Sim,Sim,1 lanche por turno,Sim,Sim,Controle realizado em planilhas (entrada e saída de produtos);controle semanal realizado pelo gestor escolar;controle feito pelas merendeiras;verificação da qualidade e quantidade no momento do recebimento,Sim,Não se aplica,Sim,Não,Não,Não se aplica,Não,Sim,Não,Sim,Não,Sim,Sim,09ALUOS,Sim,Os profissionais são suficientes / A escola já possui acompanhante para alunos com laudo,Sim,Sim,Não se aplica porque a Escola já possui transporte escolar,15 ALUNOS,Sim,01aluno,Todos os alunos nessa situação são atendidos,0,Sim,Não,Não se aplica porque não ha carência de professores na Escola,Sim,Sim,Sim,Sim,Sim,Sim,Sim,Não,Não se aplica,Sim,Sim,Sim,Bimestral,Sim,Sim,Sim,"Festas escolares (dia das mães, páscoa, festa junina, natal);atividades esportivas (jogos, torneios, olimpíadas);gincanas culturais ou solidárias;feiras de ciências;mostras literárias / feiras do livro;projetos de leitura;apresentações artísticas (teatro, dança, música);aulas de campo;visitas pedagógicas",4.3,577 portugues e 476 matemática,"2,0%",Não,Sim,Sim,Completo,Não,Não se aplica porque a Escola não possui Conselho de Classe,Completo,Não,Não,Sim,Sim,Não,Sim,Sim,Não,Não,Sim,Não,PDDE Básico;PDDE Qualidade;PDDE Interativo;Educação Conectada,Sim,Sim,Não,Não se aplica,Não,Não se aplica,Sim,Sim,Sim,Não,Não se aplica,"Liderar e gerenciar, é complexa essa função e com certeza e a que mais aprendi e fazer com que a escola funcione de maneira adequada. envolve além do pedagógico, arespeito fazer com que a escola funcione",Sim,"Para desenvolver um projeto na escola,devemos defenir o tema e os objetivos"
02/12/2025 07:15:11,ESCOLA MUNICIPAL PROFESSORA MARIA ELIZABETH DE CASTRO,"Conjunto Pastor José Fernandes, Rua Hermes Palhano",84 996861662,gilvanira002013@gmail.com,e.m.p.m.e.c2025 (instragram),Gilvanira Ferreira Da Silva,Não Se Aplica,Municipal,Educação Infantil;1º ao 5º ano do Ensino Fundamental,Matutino;Vespertino,Canguaretama,Porte II,153mtricd,13 dne o di,6 salas de aulas,"Sim, apenas em parte dos turnos de funcionamento da Escola",Sim,Sim,Sim,2025;2024;2023;2022;2021,Sim,Sim,Sim,Todas as salas de aula com ventiladores,Trifásica,Sim,Não,Não se aplica porque a Escola não possui quadra poliesportiva,Sim,Sim,Futebol masculino;futebol feminino;jiu-jitsu;capoeira;queimada;dança,Sim,Quadra/pátio da escola,Sim,Sim,Sim,Sim,1 10,Sim,"Não, porque não possui equipamentos suficientes em funcionamento",Aulas e demais projetos pedagógicos realizados pelos professores com os alunos,Sim,Não,Satisfatória,Não,Não se aplica porque a Escola não possui laboratório de ciências,Não se aplica porque a Escola não possui laboratório de ciências,Não se aplica porque a Escola não possui laboratório de ciências,Não,Não se aplica porque a Escola não possui refeitório,Sim,Não,processador/multiprocessador;torradeira;liquidificador;batedeira,Sim,Sim,Sim,2 lanches e 1 almoço,Sim,Sim,"Controle realizado em planilhas (entrada e saída de produtos);controle semanal realizado pelo gestor escolar;controle supervisionado pela secretaria municipal de educação;controle feito pelas merendeiras;verificação da qualidade e quantidade no momento do recebimento;registro fotográfico dos insumos e alimentos recebidos;controle realizado por cardápio e valores de insumos utilizados;controle realizado por meio de relatório de alimentação escolar;existe local de armazenamento e registro das entradas e saídas;recebimento semanal de alimentos, armazenados na escola",Sim,Não se aplica,Sim,Sim,Sim,Busca Ativa Escolar;Busca Ativa Com O Conselho Tutelar;Contato Com Pais Ou Responsáveis;Visitas Domiciliares;Reuniões Com A Família;Encaminhamento À Rede De Proteção/Ao Conselho Tutelar;Acompanhamento Individualizado Dos Alunos;Reuniões De Gestão Sobre Evasão;Monitoramento Pela Frequência Escolar,Não,Não,Sim,Sim,Não,Sim,Sim,20,Não,Professor de educação especializada/AEE;Profissional de Apoio (Cuidador);Psicólogo(a);Fonoaudiólogo(a);Terapeuta Ocupacional,Não,Não se aplica porque a Escola não utiliza transporte escolar,Não,trê,Sim,Tres,Todos os alunos nessa situação são atendidos,0 zero,Não se aplica porque a Escola não possui alunos que necessitam do transporte escolar especial,Sim,Temporários,Sim,Não,Sim,Sim,Sim,Sim,Sim,Sim,"Porte da escola (pequeno, médio, grande porte);quantidade de alunos;quantidade de turmas;quantidade de turnos;classificação que define gratificação da direção;processo seletivo para diretores escolares;lei municipal nº 561/2010;critérios de desempenho administrativo e pedagógico",Sim,Sim,Sim,Bimestral,Sim,Sim,Sim,"Festas escolares (dia das mães, páscoa, festa junina, natal);atividades esportivas (jogos, torneios, olimpíadas);gincanas culturais ou solidárias;feiras culturais;mostras literárias / feiras do livro;projetos de leitura;apresentações artísticas (teatro, dança, música);semana da cultura ou das artes;atividades ambientais (trilhas, hortas, campanhas);aulas de campo;visitas pedagógicas","4,17",Não se aplica,"4,17",Não,Sim,Sim,Completo,Não,Não se aplica porque a Escola não possui Conselho de Classe,Não se aplica porque a Escola não possui Conselho de Classe,Não,Não,Sim,Sim,Não,Sim,Sim,Sim,Sim,Sim,Sim,PDDE Básico;PDDE Qualidade;PDDE Interativo;Educação Conectada;PNAE,Sim,Sim,Não,Não se aplica,Não,Não se aplica,Sim,Sim,Sim,Sim,"Projeto de leitura, geladeira literária que a escola foi presenteada através de estagiário do Instituto federal do rio grande do norte, onde o mesmo nos trouxe alegria e complemento para o andamento do ensino aprendizado, foi muito importante este complemento da geladeira literária, para melhorar o desenvolvimentos da leitura e escrita como base de conhecimento para os nossos alunos.","Objetivando um intervalo direcionado, cinemas, pipocas, palestras contextualizadas com assuntos pertinentes.",Sim,"Parcerias com saúde, famílias, comunidades e políticas públicas que venham realmente serem cumplidas na melhoria do desenvolvimento escolar"
02/12/2025 10:18:54,ESCOLA MUNICIPAL JOAQUIM GOMES SOBRINHO,"Rua Francisco De Carvalho,270",84991224446,suzan.freire66@gmail.com,escolamjgs - instagram,Suzan Kelly Freire Rodrigues,Não Se Aplica,Municipal,Educação Infantil;1º ao 5º ano do Ensino Fundamental;EJA,Matutino;Vespertino;Noturno,Canguaretama,Porte II,154,09,08,"Sim, apenas em parte dos turnos de funcionamento da Escola",Sim,Sim,Sim,2022,Não,Sim,Sim,Parte das salas de aula com ar condicionado e outra parte com ventiladores,Trifásica,Sim,Sim,Sim,Não,Não,Não se aplica,Sim,Ginásio/quadra municipal,Sim,Sim,Sim,Não,Nã li q El nã i lbói infái,Não se aplica porque a Escola não possui laboratório de informática,Não se aplica porque a Escola não possui laboratório de informática,Não se aplica porque a Escola não possui laboratório de informática,Sim,Não,Satisfatória,Não,Não se aplica porque a Escola não possui laboratório de ciências,Não se aplica porque a Escola não possui laboratório de ciências,Não se aplica porque a Escola não possui laboratório de ciências,Não,Não se aplica porque a Escola não possui refeitório,Sim,Não,utensílios de cozinha,Sim,Sim,Sim,1 lanche por turno,Sim,Sim,Controle semanal realizado pelo gestor escolar,Sim,Não se aplica,Sim,Sim,Não,Não se aplica,Não,Não,Sim,Sim,"Sim, a Escola recebe menos livros que a quantidade de alunos",Sim,Sim,20,Não,Professor de educação especializada/AEE;Profissional de Apoio (Cuidador);Psicólogo(a);Fonoaudiólogo(a);PORÉM OS ALUNOS SÃO ATENDIDOS NO ESPAÇO ESPECIALIZADO DO MUNICÍPIO,Sim,Sim,Não se aplica porque a Escola já possui transporte escolar,04,Não,0,Não se aplica porque a Escola não possui alunos que necessitam do transporte escolar especial,0,Sim,Não,Não se aplica porque não ha carência de professores na Escola,Sim,Sim,Sim,Sim,Sim,Sim,Sim,Sim,Quantidade de alunos,Sim,Sim,Sim,Bimestral,Sim,Sim,Sim,"Festas escolares (dia das mães, páscoa, festa junina, natal);mostras literárias / feiras do livro;projetos de leitura;apresentações artísticas (teatro, dança, música);aulas de campo","3,6",584,4%,Não,Sim,Sim,Completo,Não,Não se aplica porque a Escola não possui Conselho de Classe,Não se aplica porque a Escola não possui Conselho de Classe,Não,Sim,Sim,Sim,Não,Sim,Sim,Sim,Não,Sim,Sim,PDDE Básico;PDDE Qualidade;PDDE Família na Escola;Educação Conectada,Sim,Sim,Não,Não se aplica,Não,Não se aplica,Sim,Sim,Sim,Sim,"ESPAÇOS DE APRENDIZAGEM,COMO: CANTINHO DE LEITURA NAS SALAS DE AULAS E EM OUTROS LOCAIS DA ESCOLA, A INTERAÇÃO DA FAMILIA NOS PLANTÕES PEDAGÓGICOS.","Que o ambiente escolar tenha um bom funcionamento, uma ótima qualidade de ensino e aprendizagem dos nossos estudantes.promover um ambiente colaborativo e seguro para toda comunidade escolar.",Sim,"A parceria de todos funcionários e da comunidade escolar, para que o projeto venha a beneficiar toda comunidade escolar."
03/12/2025 03:00:03,ESCOLA MUNICIPAL DRº JOSÉ TARGINO,"Fazenda Outeiro, Zona Rural, Canguaretama/Rn",(84)991007136,rochafatima22@gmail.com,instagram ( @ejosetargino),Maria De Fátima Da Rocha,Não Se Aplica,Municipal,Educação Infantil;1º ao 5º ano do Ensino Fundamental,Matutino;Vespertino,Canguaretama,Porte I,60,4 ( pel nhã l egl e de oficin de),4,"Sim, em todos os turnos de funcionamento da Escola",Sim,Sim,Sim,2025,Sim,Sim,Sim,Todas as salas de aula com ar condicionado,Trifásica,Sim,Não,Não se aplica porque a Escola não possui quadra poliesportiva,Sim,Sim,Futebol masculino;futebol feminino;queimada;futebol de areia,Sim,"Quadra/pátio da escola;espaços cedidos (campo de areia, campo de futebol, entre outros)",Não,Não se aplica porque a Escola não possui biblioteca/sala de leitura,Não se aplica porque a Escola não possui biblioteca/sala de leitura,Sim,Nnh fnin,Sim,"Não, porque não possui equipamentos suficientes em funcionamento",Pesquisas por parte dos alunos;Pesquisas por parte dos professores;Aulas e demais projetos pedagógicos realizados pelos professores com os alunos,Sim,Não,Regular,Não,Não se aplica porque a Escola não possui laboratório de ciências,Não se aplica porque a Escola não possui laboratório de ciências,Não se aplica porque a Escola não possui laboratório de ciências,Não,Não se aplica porque a Escola não possui refeitório,Sim,Não,microondas;processador/multiprocessador;pia;batedeira;mesa de preparo;prateleiras,Sim,Sim,Sim,2 lanches e 1 almoço,Sim,Sim,"Controle realizado em planilhas (entrada e saída de produtos);controle feito diariamente durante a preparação da merenda;controle semanal realizado pelo gestor escolar;controle supervisionado pela secretaria municipal de educação;controle feito pelas merendeiras;verificação da qualidade e quantidade no momento do recebimento;existe local de armazenamento e registro das entradas e saídas;recebimento semanal de alimentos, armazenados na escola",Não,Produtos Tecnológicos (Como Lousa Digital Ou Projetor);Equipamentos Para Biblioteca,Sim,Sim,Não,Busca Ativa Escolar;Contato Com Pais Ou Responsáveis;Reuniões Com A Família;Monitoramento Pela Frequência Escolar,Sim,Não,Não,Sim,Não,Sim,Sim,1,Sim,Os profissionais são suficientes / A escola já possui acompanhante para alunos com laudo,Sim,Sim,Não se aplica porque a Escola já possui transporte escolar,51,Não,Não se aplica,Não se aplica porque a Escola não possui alunos que necessitam do transporte escolar especial,0,Sim,Não,Não se aplica porque não ha carência de professores na Escola,Sim,Sim,Sim,Sim,Sim,Sim,Sim,Sim,Processo seletivo para diretores escolares;critérios de desempenho administrativo e pedagógico,Sim,Sim,Sim,Bimestral,Sim,Sim,Sim,"Festas escolares (dia das mães, páscoa, festa junina, natal);atividades esportivas (jogos, torneios, olimpíadas);gincanas culturais ou solidárias;projetos de leitura;apresentações artísticas (teatro, dança, música);atividades ambientais (trilhas, hortas, campanhas);aulas de campo;visitas pedagógicas",Não se aplica,Não se aplica,foram reprovados 7 alunos,Não,Sim,Sim,Completo,Não,Não se aplica porque a Escola não possui Conselho de Classe,Não se aplica porque a Escola não possui Conselho de Classe,Não,Não,Sim,Sim,Não,Sim,Sim,Não,Não,Sim,Não,PDDE Básico;PDDE Qualidade;PDDE Interativo;Educação Conectada,Sim,Sim,Não,Não se aplica,Não,Não se aplica,Sim,Sim,Sim,Sim,- Contação de história dentro e fora da sala diariamente; - Contação de história realizada pelo aluno; - Atividades lúdicas (jogos e brincadeiras) que envolvem a leitura e escrita; - Oficinas de leitura e escrita dentro e fora da sala; - Mala viajante com preenchimentos de fichas.,"Garantir uma gestão democrática, eficiente e humanizada que promova a aprendizagem significativa dos alunos, fortaleça o trabalho dos profissionais da escola e assegure um ambiente seguro, inclusivo e de alta qualidade educacional.",Sim,Tempo e espaço suficiente
05/12/2025 12:32:05,CRECHE MUNICIPAL MANOEL VIEIRA DA SILVA,"Rua Mateus Moreira, Nº 200",84 99855-6002,crechemanoelvieiradasilva2021@gmail.com,creche manoel vieira da silva - instagram e facebook,Maura Regina Cipriano Freire,Não Implica,Municipal,Educação Infantil,Matutino;Vespertino,Canguaretama,Porte I,128ALUNOS,10 TURMAS,05,"Sim, em todos os turnos de funcionamento da Escola",Sim,Sim,Sim,2025,Não,Sim,Sim,Parte das salas de aula com ar condicionado e outra parte com ventiladores,Monofásica,Sim,Não,Não se aplica porque a Escola não possui quadra poliesportiva,Não,Não,Não se aplica,Não,Não se aplica,Não,Não se aplica porque a Escola não possui biblioteca/sala de leitura,Não se aplica porque a Escola não possui biblioteca/sala de leitura,Não,Nã li q El nã i lbói infái,Não se aplica porque a Escola não possui laboratório de informática,Não se aplica porque a Escola não possui laboratório de informática,Não se aplica porque a Escola não possui laboratório de informática,Sim,Não,Satisfatória,Não,Não se aplica porque a Escola não possui laboratório de ciências,Não se aplica porque a Escola não possui laboratório de ciências,Não se aplica porque a Escola não possui laboratório de ciências,Não,Não se aplica porque a Escola não possui refeitório,Sim,Sim,freezer;geladeira;fogão;armário;utensílios de cozinha;liquidificador;pia;mesa de preparo;prateleiras,Sim,Sim,Sim,1 lanche por turno,Sim,Sim,"Controle semanal realizado pelo gestor escolar;controle feito pelas merendeiras;recebimento semanal de alimentos, armazenados na escola",Sim,Não se aplica,Sim,Não,Não,Não se aplica,Sim,Não,Não,Sim,Não,Sim,Sim,16ALUOS,Sim,Não se aplica porque a Escola não possui alunos com NEE,Sim,Sim,Não se aplica porque a Escola já possui transporte escolar,79 ALUNOS,Não,Não se aplica,Não se aplica porque a Escola não possui alunos que necessitam do transporte escolar especial,0,Sim,Não,Não se aplica porque não ha carência de professores na Escola,Sim,Sim,Sim,Sim,Sim,Sim,Sim,Não,Quantidade de alunos;processo seletivo para diretores escolares;lei municipal nº 561/2010,Sim,Sim,Sim,Bimestral,Sim,Não,Sim,"Festas escolares (dia das mães, páscoa, festa junina, natal)",Não se aplica,Não se aplica,Não se aplica,Não,Não,Não se aplica porque a Escola não possui Conselho Escolar,Não se aplica porque a Escola não possui Conselho Escolar,Não,Não se aplica porque a Escola não possui Conselho de Classe,Não se aplica porque a Escola não possui Conselho de Classe,Não,Sim,Sim,Sim,Não,Sim,Sim,Sim,Não,Sim,Não,PDDE Básico;PDDE Qualidade;Educação Conectada,Sim,Sim,Não,Não se aplica,Não,Não se aplica,Não,Não se aplica porque a equipe gestora não recebeu nenhuma capacitação sobre a prestação de contas,Não,Sim,"O Plantão Pedagógico é um momento destinado ao diálogo entre a escola e as famílias, no qual são compartilhadas informações sobre o desenvolvimento das crianças, sua rotina escolar e possíveis encaminhamentos pedagógicos. Esse encontro fortalece a parceria com os responsáveis, garantindo uma comunicação mais próxima e colaborativa em prol da aprendizagem e do bem-estar dos estudantes.","Meu objetivo é garantir uma educação de qualidade que promova o desenvolvimento integral dos estudantes, assegurando um ambiente seguro, acolhedor e inclusivo. atua-se na liderança da equipe escolar com organização e transparência, fortalecendo o trabalho pedagógico e a gestão dos recursos. além disso, busca-se a participação ativa das famílias e da comunidade, sempre visando o bom funcionamento da escola e o direito de todos aprenderem.",Sim,"É necessário o envolvimento da comunidade escolar, o diálogo constante com as famílias, a organização de atividades culturais e educativas, além da melhoria dos espaços da escola. também é fundamental incentivar ações que trabalhem valores, emoções e a convivência, garantindo um ambiente acolhedor e favorável ao aprendizado e ao bem-estar das crianças."
